CREATE DATABASE QUANLITP
GO
USE QUANLITP
GO

CREATE TABLE HOKHAU
(
	MaHK VARCHAR(15) PRIMARY KEY,
	DiaChi NVARCHAR(100),
	CCCDChuHo VARCHAR(15),
);
INSERT INTO HOKHAU(MaHK,DiaChi,CCCDChuHo) VALUES('000001',N'729 Xô Viết Nghệ Tĩnh, Phường 26, Quận Bình Thạnh, Thành phố Hồ Chí Minh', '123456230368');
INSERT INTO HOKHAU(MaHK,DiaChi,CCCDChuHo) VALUES('000002',N'636 Tân Kỳ Tân Quý, Phường Sơn Kỳ, Quận Tân Phú, Thành phố Hồ Chí Minh', '123456759177');
INSERT INTO HOKHAU(MaHK,DiaChi,CCCDChuHo) VALUES('000003',N'33 Đinh Bộ Lĩnh, Phường 24, Quận Bình Thạnh, Thành phố Hồ Chí Minh', '123456942224');
INSERT INTO HOKHAU(MaHK,DiaChi,CCCDChuHo) VALUES('000004',N'37 Xuân Thủy, Thảo Điền, Quận 2, Thành phố Hồ Chí Minh', '123456246366');
INSERT INTO HOKHAU(MaHK,DiaChi,CCCDChuHo) VALUES('000005',N'230 Pasteur,Phường 8, Quận 3, Thành phố Hồ Chí Minh', '123456724577');

INSERT INTO HOKHAU(MaHK,DiaChi,CCCDChuHo) VALUES('000006',N'88 Tạ Hiện, Hàng Buồm, Quận Hoàn Kiếm, Thành phố Hồ Chí Minh', '123456875520');
INSERT INTO HOKHAU(MaHK,DiaChi,CCCDChuHo) VALUES('000007',N'64 Nguyễn Du, Phường Trần Hưng Đạo, Quận Hai Bà Trưng, Thành phố Hồ Chí Minh', '123452990252');
INSERT INTO HOKHAU(MaHK,DiaChi,CCCDChuHo) VALUES('000008',N'10 Lý Quốc Sư, Phường Hàng Trống, Quận Hoàn Kiếm, Thành phố Hồ Chí Minh', '123451302609');
INSERT INTO HOKHAU(MaHK,DiaChi,CCCDChuHo) VALUES('000009',N'1 Hỏa Lò, Phường Trần Hưng Đạo, Quận Hoàn Kiếm, Thành phố Hồ Chí Minh', '123457281508');
INSERT INTO HOKHAU(MaHK,DiaChi,CCCDChuHo) VALUES('000010',N'5 Tây Hoa,Quảng An, Phường Tây Hồ, Thành phố Hồ Chí Minh', '123456628675');

INSERT INTO HOKHAU(MaHK,DiaChi,CCCDChuHo) VALUES('000011',N'44 Yersin, Phường 10, Thành phố Đà Lạt, Thành phố Hồ Chí Minh', '123452670171');
INSERT INTO HOKHAU(MaHK,DiaChi,CCCDChuHo) VALUES('000012',N'89 Đường Hai Bà Trưng, Phường 6, Thành phố Đà Lạt, Thành phố Hồ Chí Minh', '123453227638');
INSERT INTO HOKHAU(MaHK,DiaChi,CCCDChuHo) VALUES('000013',N'109 Yersin, Phường 10, Thành phố Đà Lạt, Thành phố Hồ Chí Minh', '123456911319');
INSERT INTO HOKHAU(MaHK,DiaChi,CCCDChuHo) VALUES('000014',N'14b Đường Đống Đa, Phường 3, Thành phố Đà Lạt, Thành phố Hồ Chí Minh', '123457954765');
INSERT INTO HOKHAU(MaHK,DiaChi,CCCDChuHo) VALUES('000015',N'7b Hoàng Hoa Thám, Phường 10, Thành phố Đà Lạt, Thành phố Hồ Chí Minh', '123455630246');

INSERT INTO HOKHAU(MaHK,DiaChi,CCCDChuHo) VALUES('000016',N'Đường số 1, Khu Công Nghiệp Đông Xuyên, Vũng Tàu, Thành phố Hồ Chí Minh', '123452282228');
INSERT INTO HOKHAU(MaHK,DiaChi,CCCDChuHo) VALUES('000017',N'115 Trần Phú, Phường 5, Thành phố Vũng Tầu, Thành phố Hồ Chí Minh', '123458021443');
INSERT INTO HOKHAU(MaHK,DiaChi,CCCDChuHo) VALUES('000018',N'15 Đường Thi Sách, Thắng Tam, Thành phố Vũng Tầu, Thành phố Hồ Chí Minh', '123456633676');
INSERT INTO HOKHAU(MaHK,DiaChi,CCCDChuHo) VALUES('000019',N'11 Cách Mạng Tháng Tám, Long Hương, Bà Rịa, Thành phố Hồ Chí Minh', '123451375791');
INSERT INTO HOKHAU(MaHK,DiaChi,CCCDChuHo) VALUES('000020',N'642 Cách Mạng Tháng Tám, Phước Trung, Bà Rịa,Thành phố Hồ Chí Minh', '123455126924');

INSERT INTO HOKHAU(MaHK,DiaChi,CCCDChuHo) VALUES('000021',N'21 Nguyễn Công Trứ, Phường 19, Bình Thạnh, Thành phố Hồ Chí Minh', '123451636916');
INSERT INTO HOKHAU(MaHK,DiaChi,CCCDChuHo) VALUES('000022',N'175 Điện Biên Phủ, Phường 6, Quận 3, Thành phố Hồ Chí Minh', '123453945901');
INSERT INTO HOKHAU(MaHK,DiaChi,CCCDChuHo) VALUES('000023',N'52 Hồ Thị Kỷ, Phường 1, Quận 10, Thành phố Hồ Chí MinH', '123455578377');
INSERT INTO HOKHAU(MaHK,DiaChi,CCCDChuHo) VALUES('000024',N'79a Trần Quang Cơ, Phú Thạnh, Tân Phú, Thành phố Hồ Chí Minh', '123453153904');
INSERT INTO HOKHAU(MaHK,DiaChi,CCCDChuHo) VALUES('000025',N'172 Phan Văn Hớn, Tân Thới Nhất, Quận 12, Thành phố Hồ Chí Minh', '123458882701');

GO

CREATE TABLE CONGDAN
(
	CCCD VARCHAR(15) PRIMARY KEY,
	Ten NVARCHAR(30) NOT NULL,
	NgheNghiep NVARCHAR(30),
	SDT VARCHAR(12),
	TonGiao NVARCHAR(30),
	MaHK VARCHAR(15) REFERENCES HOKHAU(MaHK),
	QuanHeVoiChuHo NVARCHAR(30),
);

GO

INSERT INTO CONGDAN(CCCD,Ten,NgheNghiep,SDT,TonGiao,MaHK,QuanHeVoiChuHo) VALUES ('123456230368' , N'Trần Thị Loan', N'Buôn bán', '0391838307', N'Chúa', '000001', N'Chủ Hộ');
INSERT INTO CONGDAN(CCCD,Ten,NgheNghiep,SDT,TonGiao,MaHK,QuanHeVoiChuHo) VALUES ('123456346206' , N'Nguyễn Văn Khoa', N'Giáo viên', '0394775633', N'Chúa', '000001', N'Chồng');
INSERT INTO CONGDAN(CCCD,Ten,NgheNghiep,SDT,TonGiao,MaHK,QuanHeVoiChuHo) VALUES ('123456210412' , N'Nguyễn Văn Khải', N'Học sinh', '0394808695', N'Chúa', '000001', N'Con trai');
INSERT INTO CONGDAN(CCCD,Ten,NgheNghiep,SDT,TonGiao,MaHK,QuanHeVoiChuHo) VALUES ('123456738708' , N'Nguyễn Thị Thúy', N'Sinh viên', '0398466493', N'Chúa', '000001', N'Con Gái');

INSERT INTO CONGDAN(CCCD,Ten,NgheNghiep,SDT,TonGiao,MaHK,QuanHeVoiChuHo) VALUES ('123456759177' , N'Trịnh Hoàng Bảo', N'Phi Công', '0392267972', N'Không', '000002', N'Chủ Hộ');
INSERT INTO CONGDAN(CCCD,Ten,NgheNghiep,SDT,TonGiao,MaHK,QuanHeVoiChuHo) VALUES ('123456299748' , N'Đinh Thị Trinh', N'Kế toán', '0392596116', N'Không', '000002', N'vợ');
INSERT INTO CONGDAN(CCCD,Ten,NgheNghiep,SDT,TonGiao,MaHK,QuanHeVoiChuHo) VALUES ('123456355717' , N'Trịnh Thái Thảo', N'Buôn bán', '0396658342', N'Không', '000002', N'Con gái');
INSERT INTO CONGDAN(CCCD,Ten,NgheNghiep,SDT,TonGiao,MaHK,QuanHeVoiChuHo) VALUES ('123456899917' , N'Trịnh Hoàng Hùng', N'Buôn bán', '0394908244', N'Không', '000002', N'Con trai');

INSERT INTO CONGDAN(CCCD,Ten,NgheNghiep,SDT,TonGiao,MaHK,QuanHeVoiChuHo) VALUES ('123456942224' , N'Nguyễn Thái Luyện', N'Đầu bếp', '0396835680', N'Không', '000003', N'Chủ Hộ');
INSERT INTO CONGDAN(CCCD,Ten,NgheNghiep,SDT,TonGiao,MaHK,QuanHeVoiChuHo) VALUES ('123456666088' , N'Nguyễn Tuyết Nhi', N'Kế toán', '0399476292', N'Không', '000003', N'vợ');
INSERT INTO CONGDAN(CCCD,Ten,NgheNghiep,SDT,TonGiao,MaHK,QuanHeVoiChuHo) VALUES ('123456511134' , N'Nguyễn Viết Thái', N'Buôn bán', '0398087788', N'Không', '000003', N'Con trai');
INSERT INTO CONGDAN(CCCD,Ten,NgheNghiep,SDT,TonGiao,MaHK,QuanHeVoiChuHo) VALUES ('123456134058' , N'Nguyễn Hoàng Bảo', N'Sinh Viên', '0395281354', N'Không', '000003', N'Con trai');

INSERT INTO CONGDAN(CCCD,Ten,NgheNghiep,SDT,TonGiao,MaHK,QuanHeVoiChuHo) VALUES ('123456246366' , N'Trương Thị Tuyết', N'Đầu bếp', '0392978344', N'Phật', '000004', N'Chủ Hộ');
INSERT INTO CONGDAN(CCCD,Ten,NgheNghiep,SDT,TonGiao,MaHK,QuanHeVoiChuHo) VALUES ('123456783160' , N'Trần Thanh Bạch', N'Tài Xế', '0392912604', N'Không', '000004', N'Chồng');
INSERT INTO CONGDAN(CCCD,Ten,NgheNghiep,SDT,TonGiao,MaHK,QuanHeVoiChuHo) VALUES ('123456523495' , N'Trần Thị Nhung', N'Học Sinh', '0392289630', N'Phật', '000004', N'Con gái');
INSERT INTO CONGDAN(CCCD,Ten,NgheNghiep,SDT,TonGiao,MaHK,QuanHeVoiChuHo) VALUES ('123456325526' , N'Trần thị Linh', N'Sinh Viên', '0392318272', N'Phật', '000004', N'Con gái');

INSERT INTO CONGDAN(CCCD,Ten,NgheNghiep,SDT,TonGiao,MaHK,QuanHeVoiChuHo) VALUES ('123456724577' , N'Phan Cẩm Thảo', N'Công Nhân', '0398381235', N'Không', '000005', N'Chủ Hộ');
INSERT INTO CONGDAN(CCCD,Ten,NgheNghiep,SDT,TonGiao,MaHK,QuanHeVoiChuHo) VALUES ('123456520007' , N'Phan Gia Hào', N'Tài xế', '0396097484', N'Không', '000005', N'Chồng');
INSERT INTO CONGDAN(CCCD,Ten,NgheNghiep,SDT,TonGiao,MaHK,QuanHeVoiChuHo) VALUES ('123456767156' , N'Phan Gia Thảo', N'Buôn bán', '0399604519', N'Không', '000005', N'Con gái');
INSERT INTO CONGDAN(CCCD,Ten,NgheNghiep,SDT,TonGiao,MaHK,QuanHeVoiChuHo) VALUES ('123456198201' , N'Phan Thanh Đạt', N'Học Sinh', '0391401232', N'Không', '000005', N'Con trai');

INSERT INTO CONGDAN(CCCD,Ten,NgheNghiep,SDT,TonGiao,MaHK,QuanHeVoiChuHo) VALUES ('123456875520' , N'Trương Công Bằng', N'Buôn bán', '0398230486', N'Không', '000006', N'Chủ Hộ');
INSERT INTO CONGDAN(CCCD,Ten,NgheNghiep,SDT,TonGiao,MaHK,QuanHeVoiChuHo) VALUES ('123456201381' , N'Nguyễn Thị Bích', N'Kế toán', '0398195536', N'Tin Lành', '000006', N'vợ');
INSERT INTO CONGDAN(CCCD,Ten,NgheNghiep,SDT,TonGiao,MaHK,QuanHeVoiChuHo) VALUES ('123456468063' , N'Nguyễn Gia Hưng', N'Buôn bán', '0398366702', N'Không', '000006', N'Con trai');
INSERT INTO CONGDAN(CCCD,Ten,NgheNghiep,SDT,TonGiao,MaHK,QuanHeVoiChuHo) VALUES ('123456582616' , N'Trương Nguyễn Gia Bảo', N'Học Sinh', '0392350028', N'Không', '000006', N'Con trai');

INSERT INTO CONGDAN(CCCD,Ten,NgheNghiep,SDT,TonGiao,MaHK,QuanHeVoiChuHo) VALUES ('123452990252' , N'Huỳnh Thảo Vy', N'IT', '0493781617', N'Không', '000007', N'Chủ hộ');
INSERT INTO CONGDAN(CCCD,Ten,NgheNghiep,SDT,TonGiao,MaHK,QuanHeVoiChuHo) VALUES ('123458719629' , N'Trần Anh Tuấn', N'Văn Phòng', '0498365089', N'Không', '000007', N'Chồng');
INSERT INTO CONGDAN(CCCD,Ten,NgheNghiep,SDT,TonGiao,MaHK,QuanHeVoiChuHo) VALUES ('123453959542' , N'Trần Huỳnh Thu Thảo', N'Sinh Viên', '0499119953', N'Không', '000007', N'');
INSERT INTO CONGDAN(CCCD,Ten,NgheNghiep,SDT,TonGiao,MaHK,QuanHeVoiChuHo) VALUES ('123455052665' , N'Trần Thị Nhung', N'Nhà báo', '0494085204', N'Không', '000007', N'');

INSERT INTO CONGDAN(CCCD,Ten,NgheNghiep,SDT,TonGiao,MaHK,QuanHeVoiChuHo) VALUES ('123451302609' , N'Lê Văn Hiếu', N'Tiếp Viên Hàng Không', '0496740677', N'Không', '000008', N'Chủ Hộ');
INSERT INTO CONGDAN(CCCD,Ten,NgheNghiep,SDT,TonGiao,MaHK,QuanHeVoiChuHo) VALUES ('123457353223' , N'Lê Bích Ngọc', N'Kế Toán', '0495816199', N'Không', '000008', N'Vợ');
INSERT INTO CONGDAN(CCCD,Ten,NgheNghiep,SDT,TonGiao,MaHK,QuanHeVoiChuHo) VALUES ('123456630433' , N'Lê Thái Ngọc', N'Bác Sĩ', '0496239286', N'Không', '000008', N'Con Trai');
INSERT INTO CONGDAN(CCCD,Ten,NgheNghiep,SDT,TonGiao,MaHK,QuanHeVoiChuHo) VALUES ('123454316404' , N'Lê Bích Trâm', N'Sinh Viên', '0494555462', N'Không', '000008', N'Con Gái');

INSERT INTO CONGDAN(CCCD,Ten,NgheNghiep,SDT,TonGiao,MaHK,QuanHeVoiChuHo) VALUES ('123457281508' , N'Bùi Văn Đức', N'Kiểm Toán', '0499453473', N'Không', '000009', N'Chủ Hộ');
INSERT INTO CONGDAN(CCCD,Ten,NgheNghiep,SDT,TonGiao,MaHK,QuanHeVoiChuHo) VALUES ('123455303029' , N'Phạm Diệu Linh', N'Cảnh Sát', '0492488531', N'Không', '000009', N'Vợ');
INSERT INTO CONGDAN(CCCD,Ten,NgheNghiep,SDT,TonGiao,MaHK,QuanHeVoiChuHo) VALUES ('123457169982' , N'Bùi Thị Mai', N'Bác Sĩ', '0492817738', N'Không', '000009', N'Anh Con Gái');
INSERT INTO CONGDAN(CCCD,Ten,NgheNghiep,SDT,TonGiao,MaHK,QuanHeVoiChuHo) VALUES ('123451815150' , N'Phạm Hoàng Phát', N'Cảnh Sát', '0492081127', N'Không', '000009', N'Con Trai');

INSERT INTO CONGDAN(CCCD,Ten,NgheNghiep,SDT,TonGiao,MaHK,QuanHeVoiChuHo) VALUES ('123456628675' , N'Phí Văn Nam', N'Ngân Hàng', '0558042018', N'Không', '000010', N'Chủ Hộ');
INSERT INTO CONGDAN(CCCD,Ten,NgheNghiep,SDT,TonGiao,MaHK,QuanHeVoiChuHo) VALUES ('123451416478' , N'Phan Anh Thư', N'Ngân Hàng', '0554941470', N'Không', '000010', N'Con Gái');
INSERT INTO CONGDAN(CCCD,Ten,NgheNghiep,SDT,TonGiao,MaHK,QuanHeVoiChuHo) VALUES ('123459191787' , N'Phí Thanh Thảo', N'Sinh Viên', '0557508944', N'Không', '000010', N'Con Gái');
INSERT INTO CONGDAN(CCCD,Ten,NgheNghiep,SDT,TonGiao,MaHK,QuanHeVoiChuHo) VALUES ('123454078351' , N'Phí Văn Hùng', N'Học Sinh', '0555828593', N'Không', '000010', N'Con Trai');

INSERT INTO CONGDAN(CCCD,Ten,NgheNghiep,SDT,TonGiao,MaHK,QuanHeVoiChuHo) VALUES ('123452670171' , N'Phạm Ngọc Yến Nhi', N'Thợ May', '0551960163', N'Không', '000011', N'Chủ Hộ');
INSERT INTO CONGDAN(CCCD,Ten,NgheNghiep,SDT,TonGiao,MaHK,QuanHeVoiChuHo) VALUES ('123456258046' , N'Lương Văn Đoàn', N'Sửa xe', '0556414934', N'Không', '000011', N'Chồng');
INSERT INTO CONGDAN(CCCD,Ten,NgheNghiep,SDT,TonGiao,MaHK,QuanHeVoiChuHo) VALUES ('123455732869' , N'Lương Ngọc Trinh', N'Học Sinh', '0556627594', N'Không', '000011', N'Con Gái');
INSERT INTO CONGDAN(CCCD,Ten,NgheNghiep,SDT,TonGiao,MaHK,QuanHeVoiChuHo) VALUES ('123451674504' , N'Lương Phạm Thái', N'Học Sinh', '0551070835', N'Không', '000011', N'Con Trai');

INSERT INTO CONGDAN(CCCD,Ten,NgheNghiep,SDT,TonGiao,MaHK,QuanHeVoiChuHo) VALUES ('123453227638' , N'Tạ Thị Ngọc Ánh', N'Kinh Doanh', '0559269037', N'Không', '000012', N'Chủ Hộ');
INSERT INTO CONGDAN(CCCD,Ten,NgheNghiep,SDT,TonGiao,MaHK,QuanHeVoiChuHo) VALUES ('123456905692' , N'Nguyễn Thanh Tùng', N'Tài Xế', '0553047706', N'Không', '000012', N'Chồng');
INSERT INTO CONGDAN(CCCD,Ten,NgheNghiep,SDT,TonGiao,MaHK,QuanHeVoiChuHo) VALUES ('123455310749' , N'Nguyễn Tạ Thùy Dương', N'Sinh Viên', '0556159443', N'Không', '000012', N'Con Gái');
INSERT INTO CONGDAN(CCCD,Ten,NgheNghiep,SDT,TonGiao,MaHK,QuanHeVoiChuHo) VALUES ('123451543935' , N'Nguyễn Ngọc Hải', N'Sinh Viên', '0555513571', N'Không', '000012', N'Con Trai');

INSERT INTO CONGDAN(CCCD,Ten,NgheNghiep,SDT,TonGiao,MaHK,QuanHeVoiChuHo) VALUES ('123456911319' , N'Nguyễn Tường Anh', N'Tài Xế', '0559048169', N'Không', '000013', N'Chủ Hộ');
INSERT INTO CONGDAN(CCCD,Ten,NgheNghiep,SDT,TonGiao,MaHK,QuanHeVoiChuHo) VALUES ('123454802500' , N'Nguyễn Thanh Huyền', N'Dược Sĩ', '0552295513', N'Không', '000013', N'Vợ');
INSERT INTO CONGDAN(CCCD,Ten,NgheNghiep,SDT,TonGiao,MaHK,QuanHeVoiChuHo) VALUES ('123453504171' , N'Nguyễn Tường Thái', N'Sinh Viên', '0551755354', N'Không', '000013', N'Con Trai');
INSERT INTO CONGDAN(CCCD,Ten,NgheNghiep,SDT,TonGiao,MaHK,QuanHeVoiChuHo) VALUES ('123454295845' , N'Nguyễn Thanh Thảo', N'Học Sinh', '0554477698', N'Không', '000013', N'Con Gái');

INSERT INTO CONGDAN(CCCD,Ten,NgheNghiep,SDT,TonGiao,MaHK,QuanHeVoiChuHo) VALUES ('123457954765' , N'Vũ Thúy Hường', N'Y tá', '0556864258', N'Không', '000014', N'Chủ Hộ');
INSERT INTO CONGDAN(CCCD,Ten,NgheNghiep,SDT,TonGiao,MaHK,QuanHeVoiChuHo) VALUES ('123456070668' , N'Hoàng Minh Thuấn', N'Bác Sĩ', '0552086248', N'Không', '000014', N'Con Trai');
INSERT INTO CONGDAN(CCCD,Ten,NgheNghiep,SDT,TonGiao,MaHK,QuanHeVoiChuHo) VALUES ('123458275956' , N'Hoàng Vũ Thái Bảo', N'Ca Sĩ', '0555487154', N'Không', '000014', N'Con Trai');
INSERT INTO CONGDAN(CCCD,Ten,NgheNghiep,SDT,TonGiao,MaHK,QuanHeVoiChuHo) VALUES ('123453835919' , N'Hoàng Mai Thảo', N'Kĩ Sư', '0558362001', N'Không', '000014', N'Con Gái');

INSERT INTO CONGDAN(CCCD,Ten,NgheNghiep,SDT,TonGiao,MaHK,QuanHeVoiChuHo) VALUES ('123455630246' , N'Lê Thị Phương Thảo', N'Ca Sĩ', '0557621688', N'Không', '000015', N'Chủ Hộ');
INSERT INTO CONGDAN(CCCD,Ten,NgheNghiep,SDT,TonGiao,MaHK,QuanHeVoiChuHo) VALUES ('123453501020' , N'Nguyễn Hoàng Thái Long', N'Pha Chế', '0551947751', N'Không', '000015', N'Chồng');
INSERT INTO CONGDAN(CCCD,Ten,NgheNghiep,SDT,TonGiao,MaHK,QuanHeVoiChuHo) VALUES ('123456103132' , N'Nguyễn Thị Hà Phương', N'Kĩ Sư', '0558149612', N'Không', '000015', N'Con Gái');
INSERT INTO CONGDAN(CCCD,Ten,NgheNghiep,SDT,TonGiao,MaHK,QuanHeVoiChuHo) VALUES ('123453939781' , N'Nguyễn Lê Thanh Thảo', N'Kĩ Sư', '0552557762', N'Không', '000015', N'Con Gái');

INSERT INTO CONGDAN(CCCD,Ten,NgheNghiep,SDT,TonGiao,MaHK,QuanHeVoiChuHo) VALUES ('123452282228' , N'Mai Anh Lâm', N'Đầu Bếp', '0732988773', N'Không', '000016', N'Chủ Hộ');
INSERT INTO CONGDAN(CCCD,Ten,NgheNghiep,SDT,TonGiao,MaHK,QuanHeVoiChuHo) VALUES ('123456343485' , N'Trương Ngọc Ánh', N'Đầu Bếp', '0735835669', N'Không', '000016', N'Vợ');
INSERT INTO CONGDAN(CCCD,Ten,NgheNghiep,SDT,TonGiao,MaHK,QuanHeVoiChuHo) VALUES ('123455924163' , N'Mai Ngọc Linh', N'Học Sinh', '0734808293', N'Không', '000016', N'Con Gái');
INSERT INTO CONGDAN(CCCD,Ten,NgheNghiep,SDT,TonGiao,MaHK,QuanHeVoiChuHo) VALUES ('123458458935' , N'Mai Trương Sơn', N'Kiến Trúc Sư', '0738624012', N'Không', '000016', N'Con Trai');

INSERT INTO CONGDAN(CCCD,Ten,NgheNghiep,SDT,TonGiao,MaHK,QuanHeVoiChuHo) VALUES ('123458021443' , N'Hà Thái Sơn', N'Thợ Xây', '0738532405', N'Không', '000017', N'Chủ Hộ');
INSERT INTO CONGDAN(CCCD,Ten,NgheNghiep,SDT,TonGiao,MaHK,QuanHeVoiChuHo) VALUES ('123456826257' , N'Nguyễn Nhi', N'Đầu Bếp', '0738659884', N'Không', '000017', N'Vợ');
INSERT INTO CONGDAN(CCCD,Ten,NgheNghiep,SDT,TonGiao,MaHK,QuanHeVoiChuHo) VALUES ('123456351850' , N'Hà Nguyễn Bảo Ngọc', N'Thợ May', '0738259340', N'Không', '000017', N'Con Gái');
INSERT INTO CONGDAN(CCCD,Ten,NgheNghiep,SDT,TonGiao,MaHK,QuanHeVoiChuHo) VALUES ('123451465594' , N'Hà Thái Tuấn', N'Học Sinh', '0739285697', N'Không', '000017', N'Con Trai');

INSERT INTO CONGDAN(CCCD,Ten,NgheNghiep,SDT,TonGiao,MaHK,QuanHeVoiChuHo) VALUES ('123456633676' , N'Hoàng Đức', N'Giáo Viên', '0732346799', N'Không', '000018', N'Chủ Hộ');
INSERT INTO CONGDAN(CCCD,Ten,NgheNghiep,SDT,TonGiao,MaHK,QuanHeVoiChuHo) VALUES ('123456352174' , N'Nguyễn Lê Thanh Vân', N'Đầu Bếp', '0736234932', N'Không', '000018', N'Vợ');
INSERT INTO CONGDAN(CCCD,Ten,NgheNghiep,SDT,TonGiao,MaHK,QuanHeVoiChuHo) VALUES ('123451404548' , N'Hoàng Lê Trâm', N'Học Sinh', '0732255711', N'Không', '000018', N'Con Gái');
INSERT INTO CONGDAN(CCCD,Ten,NgheNghiep,SDT,TonGiao,MaHK,QuanHeVoiChuHo) VALUES ('123452156902' , N'Hoàng Gia Bảo', N'Học Sinh', '0734625278', N'Không', '000018', N'Con Trai');

INSERT INTO CONGDAN(CCCD,Ten,NgheNghiep,SDT,TonGiao,MaHK,QuanHeVoiChuHo) VALUES ('123451375791' , N'Trần Thái Kiên', N'Hớt Tóc', '0734427196', N'Không', '000019', N'Chủ Hộ');
INSERT INTO CONGDAN(CCCD,Ten,NgheNghiep,SDT,TonGiao,MaHK,QuanHeVoiChuHo) VALUES ('123455407177' , N'Huỳnh Bảo Trúc', N'Đầu Bếp', '0738732881', N'Không', '000019', N'Vợ');
INSERT INTO CONGDAN(CCCD,Ten,NgheNghiep,SDT,TonGiao,MaHK,QuanHeVoiChuHo) VALUES ('123452124610' , N'Trần Huỳnh Bảo Trinh', N'Luật Sư', '0732793171', N'Không', '000019', N'Con Gái');
INSERT INTO CONGDAN(CCCD,Ten,NgheNghiep,SDT,TonGiao,MaHK,QuanHeVoiChuHo) VALUES ('123459928084' , N'Trần Thái Hùng', N'Bác Sĩ', '0734481439', N'Không', '000019', N'Con Trai');

INSERT INTO CONGDAN(CCCD,Ten,NgheNghiep,SDT,TonGiao,MaHK,QuanHeVoiChuHo) VALUES ('123455126924' , N'Nguyễn Thu Hiền', N'Công Nhân', '0792906040', N'Không', '000020', N'Chủ Hộ');
INSERT INTO CONGDAN(CCCD,Ten,NgheNghiep,SDT,TonGiao,MaHK,QuanHeVoiChuHo) VALUES ('123457884830' , N'Hồ Hoàng Việt', N'Thợ Mộc', '0795206453', N'Không', '000020', N'Chồng');
INSERT INTO CONGDAN(CCCD,Ten,NgheNghiep,SDT,TonGiao,MaHK,QuanHeVoiChuHo) VALUES ('123458835566' , N'Hồ Nguyễn Phương Trang', N'Tiếp Viên Hàng Không', '0799221038', N'Không', '000020', N'Con Gái');
INSERT INTO CONGDAN(CCCD,Ten,NgheNghiep,SDT,TonGiao,MaHK,QuanHeVoiChuHo) VALUES ('123451800010' , N'Nguyễn Thu Thảo', N'Ca Sĩ', '0792436095', N'Không', '000020', N'Con Gái');

INSERT INTO CONGDAN(CCCD,Ten,NgheNghiep,SDT,TonGiao,MaHK,QuanHeVoiChuHo) VALUES ('123451636916' , N'Trần Quang Sơn', N'Lính Cứu Hỏa', '0792421406', N'Không', '000021', N'Chủ Hộ');
INSERT INTO CONGDAN(CCCD,Ten,NgheNghiep,SDT,TonGiao,MaHK,QuanHeVoiChuHo) VALUES ('123457542705' , N'Trần Thị Thanh Hương', N'Kế Toán', '0791126075', N'Không', '000021', N'Vợ');
INSERT INTO CONGDAN(CCCD,Ten,NgheNghiep,SDT,TonGiao,MaHK,QuanHeVoiChuHo) VALUES ('123451970602' , N'Trần Quang Diệu', N'Học Sinh', '0796487530', N'Không', '000021', N'Con Trai');
INSERT INTO CONGDAN(CCCD,Ten,NgheNghiep,SDT,TonGiao,MaHK,QuanHeVoiChuHo) VALUES ('123454931410' , N'Trần Thái Ngọc', N'Sinh Viên', '0795596144', N'Không', '000021', N'Con Trai');

INSERT INTO CONGDAN(CCCD,Ten,NgheNghiep,SDT,TonGiao,MaHK,QuanHeVoiChuHo) VALUES ('123453945901' , N'Nguyễn Ngọc Hân', N'Kế Toán', '0796455758', N'Không', '000022', N'Chủ Hộ');
INSERT INTO CONGDAN(CCCD,Ten,NgheNghiep,SDT,TonGiao,MaHK,QuanHeVoiChuHo) VALUES ('123458842061' , N'Đinh Tấn Trung', N'Nha Sĩ', '0791105143', N'Không', '000022', N'Con Trai');
INSERT INTO CONGDAN(CCCD,Ten,NgheNghiep,SDT,TonGiao,MaHK,QuanHeVoiChuHo) VALUES ('123452276107' , N'Đinh Ngọc Trang', N'Học Sinh', '0795979652', N'Không', '000022', N'Con Gái');
INSERT INTO CONGDAN(CCCD,Ten,NgheNghiep,SDT,TonGiao,MaHK,QuanHeVoiChuHo) VALUES ('123458282868' , N'Đinh Thái Anh', N'Sinh Viên', '0792259912', N'Không', '000022', N'Con Gái');

INSERT INTO CONGDAN(CCCD,Ten,NgheNghiep,SDT,TonGiao,MaHK,QuanHeVoiChuHo) VALUES ('123455578377' , N'Nguyễn Quang Thanh', N'Thợ Điện', '0688904595', N'Không', '000023', N'Chủ Hộ');
INSERT INTO CONGDAN(CCCD,Ten,NgheNghiep,SDT,TonGiao,MaHK,QuanHeVoiChuHo) VALUES ('123456156970' , N'Lê Bảo Hân', N'Giáo Viên', '0686155682', N'Không', '000023', N'Con Gái');
INSERT INTO CONGDAN(CCCD,Ten,NgheNghiep,SDT,TonGiao,MaHK,QuanHeVoiChuHo) VALUES ('123459230024' , N'Nguyễn Lê Hoàng', N'Luật Sư', '0681819140', N'Không', '000023', N'Con Trai');
INSERT INTO CONGDAN(CCCD,Ten,NgheNghiep,SDT,TonGiao,MaHK,QuanHeVoiChuHo) VALUES ('123452002438' , N'Nguyễn Lê Trinh', N'Họa Sĩ', '0688437500', N'Không', '000023', N'Con Gái');

INSERT INTO CONGDAN(CCCD,Ten,NgheNghiep,SDT,TonGiao,MaHK,QuanHeVoiChuHo) VALUES ('123453153904' , N'Hoàng Thu Thảo', N'Giảng Viên Thanh Nhạc', '0688434740', N'Không', '000024', N'Chủ Hộ');
INSERT INTO CONGDAN(CCCD,Ten,NgheNghiep,SDT,TonGiao,MaHK,QuanHeVoiChuHo) VALUES ('123452008249' , N'Vũ Đình Trung Đức', N'Họa Sĩ', '0683604069', N'Không', '000024', N'Chồng');
INSERT INTO CONGDAN(CCCD,Ten,NgheNghiep,SDT,TonGiao,MaHK,QuanHeVoiChuHo) VALUES ('123452218426' , N'Vũ Hoàng Ngọc', N'Ca Sĩ', '0682916191', N'Không', '000024', N'Con Trai');
INSERT INTO CONGDAN(CCCD,Ten,NgheNghiep,SDT,TonGiao,MaHK,QuanHeVoiChuHo) VALUES ('123459098464' , N'Vũ Đình Thái', N'Ca Sĩ', '0683060340', N'Không', '000024', N'Con Trai');

INSERT INTO CONGDAN(CCCD,Ten,NgheNghiep,SDT,TonGiao,MaHK,QuanHeVoiChuHo) VALUES ('123458882701' , N'Phạm Thái Sơn', N'Thợ Điện', '0685926967', N'Không', '000025', N'Chủ Hộ');
INSERT INTO CONGDAN(CCCD,Ten,NgheNghiep,SDT,TonGiao,MaHK,QuanHeVoiChuHo) VALUES ('123457101856' , N'Nguyễn Thị Như Huyền', N'Công Nhân', '0682488244', N'Không', '000025', N'Vợ');
INSERT INTO CONGDAN(CCCD,Ten,NgheNghiep,SDT,TonGiao,MaHK,QuanHeVoiChuHo) VALUES ('123459421191' , N'Phạm Kiều Linh', N'Thư Ký', '0681342760', N'Không', '000025', N'Con Gái');
INSERT INTO CONGDAN(CCCD,Ten,NgheNghiep,SDT,TonGiao,MaHK,QuanHeVoiChuHo) VALUES ('123456673290' , N'Phạm Nguyễn Kiều Lê', N'Kế Toán', '0684111628', N'Không', '000025', N'Con Gái');





GO

CREATE TABLE CCCD
(
	MaCCCD VARCHAR(15) PRIMARY KEY,
	DacDiem NVARCHAR(50),
	NgayCap DATE,
	FOREIGN KEY (MaCCCD) REFERENCES CONGDAN(CCCD)
);

GO

INSERT INTO CCCD(MaCCCD, DacDiem, NgayCap) VALUES('123456230368', N'Thẹo 2cm đuôi mắt trái', '2015-01-02');
INSERT INTO CCCD(MaCCCD, DacDiem, NgayCap) VALUES('123456346206', N'Nốt ruồi 0,5cm mắt trái', '2010-05-06');
INSERT INTO CCCD(MaCCCD, DacDiem, NgayCap) VALUES('123456210412', N'Nốt ruồi 1cm trên mắt trái', '2010-12-12');
INSERT INTO CCCD(MaCCCD, DacDiem, NgayCap) VALUES('123456738708', N'Thẹo 10cm trên mặt phải', '2010-12-11');
INSERT INTO CCCD(MaCCCD, DacDiem, NgayCap) VALUES('123456759177', N'nốt ruồi sát mép trái miệng', '2010-12-11');
INSERT INTO CCCD(MaCCCD, DacDiem, NgayCap) VALUES('123456299748', N'Thẹo 2 cm trên tráng', '2010-12-11');
INSERT INTO CCCD(MaCCCD, DacDiem, NgayCap) VALUES('123456355717', N'Mắt trái không có tròng đen', '2010-12-11');
INSERT INTO CCCD(MaCCCD, DacDiem, NgayCap) VALUES('123456899917', N'Thẹo 0.5cm trên tai phải', '2011-05-06');
INSERT INTO CCCD(MaCCCD, DacDiem, NgayCap) VALUES('123456942224', N'Thẹo 5cm trên bàn tai phải', '2011-05-06');
INSERT INTO CCCD(MaCCCD, DacDiem, NgayCap) VALUES('123456666088', N'Nốt ruồi 1cm trước cổ', '2011-05-06');
INSERT INTO CCCD(MaCCCD, DacDiem, NgayCap) VALUES('123456511134', N'Nốt ruồi 1.5cm ở tai trái', '2011-05-06');
INSERT INTO CCCD(MaCCCD, DacDiem, NgayCap) VALUES('123456134058', N'Thẹo 3cm dưới cổ', '2011-05-06');
INSERT INTO CCCD(MaCCCD, DacDiem, NgayCap) VALUES('123456246366', N'Nốt ruồi 1cm ngon tay cái', '2011-05-06');
INSERT INTO CCCD(MaCCCD, DacDiem, NgayCap) VALUES('123456783160', N'Nốt ruồi 0.3cm trên tráng', '2006-12-04');
INSERT INTO CCCD(MaCCCD, DacDiem, NgayCap) VALUES('123456523495', N'Thẹo 5cm trên cổ', '2006-12-04');
INSERT INTO CCCD(MaCCCD, DacDiem, NgayCap) VALUES('123456325526', N'Không có ngón tai trái', '2006-12-04');
INSERT INTO CCCD(MaCCCD, DacDiem, NgayCap) VALUES('123456724577', N'Nốt ruồi 1cm trên mũi', '2006-12-04');
INSERT INTO CCCD(MaCCCD, DacDiem, NgayCap) VALUES('123456520007', N'Nốt ruồi 0.4cm trên cằm', '2008-06-05');
INSERT INTO CCCD(MaCCCD, DacDiem, NgayCap) VALUES('123456767156', N'Thẹo 1cm hốc mắt phải', '2008-06-05');
INSERT INTO CCCD(MaCCCD, DacDiem, NgayCap) VALUES('123456198201', N'Thẹo 5cm tai trái', '2008-06-05');
INSERT INTO CCCD(MaCCCD, DacDiem, NgayCap) VALUES('123456875520', N'Nốt ruồi 1cm tai trái', '2008-06-05');
INSERT INTO CCCD(MaCCCD, DacDiem, NgayCap) VALUES('123456201381', N'Nốt ruồi 0.3cm trên mũi', '2008-06-05');
INSERT INTO CCCD(MaCCCD, DacDiem, NgayCap) VALUES('123456468063', N'Thẹo 15cm tay trái', '2012-12-08');
INSERT INTO CCCD(MaCCCD, DacDiem, NgayCap) VALUES('123456582616', N'Nốt ruồi 1cm tai trái', '2012-12-08');
INSERT INTO CCCD(MaCCCD, DacDiem, NgayCap) VALUES('123452990252', N'Thẹo 2cm trên tai trái', '2012-12-08');
INSERT INTO CCCD(MaCCCD, DacDiem, NgayCap) VALUES('123458719629', N'Thẹo 5cm tai trái', '2010-06-01');
INSERT INTO CCCD(MaCCCD, DacDiem, NgayCap) VALUES('123453959542', N'Thẹo 5cm tai trái', '2010-06-01');
INSERT INTO CCCD(MaCCCD, DacDiem, NgayCap) VALUES('123455052665', N'Thẹo 5cm tai trái', '2010-06-01');
INSERT INTO CCCD(MaCCCD, DacDiem, NgayCap) VALUES('123451302609', N'Thẹo 5cm tai trái', '2010-06-01');
INSERT INTO CCCD(MaCCCD, DacDiem, NgayCap) VALUES('123457353223', N'Thẹo 5cm tai trái', '2010-06-01');
INSERT INTO CCCD(MaCCCD, DacDiem, NgayCap) VALUES('123456630433', N'Thẹo 5cm tai trái', '2010-06-01');
INSERT INTO CCCD(MaCCCD, DacDiem, NgayCap) VALUES('123454316404', N'Thẹo 5cm tai trái', '2010-06-01');
INSERT INTO CCCD(MaCCCD, DacDiem, NgayCap) VALUES('123457281508', N'Thẹo 5cm tai trái', '2010-06-01');
INSERT INTO CCCD(MaCCCD, DacDiem, NgayCap) VALUES('123455303029', N'Thẹo 5cm tai trái', '2010-06-01');
INSERT INTO CCCD(MaCCCD, DacDiem, NgayCap) VALUES('123457169982', N'Thẹo 5cm tai trái', '2010-06-01');
INSERT INTO CCCD(MaCCCD, DacDiem, NgayCap) VALUES('123451815150', N'Thẹo 5cm tai trái', '2010-06-01');
INSERT INTO CCCD(MaCCCD, DacDiem, NgayCap) VALUES('123456628675', N'Thẹo 5cm tai trái', '2010-06-01');
INSERT INTO CCCD(MaCCCD, DacDiem, NgayCap) VALUES('123451416478', N'Thẹo 5cm tai trái', '2010-06-01');
INSERT INTO CCCD(MaCCCD, DacDiem, NgayCap) VALUES('123459191787', N'Nốt ruồi 0.4cm trên cằm', '2010-01-06');
INSERT INTO CCCD(MaCCCD, DacDiem, NgayCap) VALUES('123454078351', N'Nốt ruồi 0.4cm trên cằm', '2010-01-06');
INSERT INTO CCCD(MaCCCD, DacDiem, NgayCap) VALUES('123452670171', N'Nốt ruồi 0.4cm trên cằm', '2010-01-06');
INSERT INTO CCCD(MaCCCD, DacDiem, NgayCap) VALUES('123456258046', N'Nốt ruồi 0.4cm trên cằm', '2010-01-06');
INSERT INTO CCCD(MaCCCD, DacDiem, NgayCap) VALUES('123455732869', N'Nốt ruồi 0.4cm trên cằm', '2010-01-06');
INSERT INTO CCCD(MaCCCD, DacDiem, NgayCap) VALUES('123451674504', N'Nốt ruồi 0.4cm trên cằm', '2010-01-06');
INSERT INTO CCCD(MaCCCD, DacDiem, NgayCap) VALUES('123453227638', N'Nốt ruồi 0.4cm trên cằm', '2010-01-06');
INSERT INTO CCCD(MaCCCD, DacDiem, NgayCap) VALUES('123456905692', N'Nốt ruồi 0.4cm trên cằm', '2010-01-06');
INSERT INTO CCCD(MaCCCD, DacDiem, NgayCap) VALUES('123455310749', N'Nốt ruồi 0.4cm trên cằm', '2010-01-06');
INSERT INTO CCCD(MaCCCD, DacDiem, NgayCap) VALUES('123451543935', N'Nốt ruồi 0.4cm trên cằm', '2010-01-06');
INSERT INTO CCCD(MaCCCD, DacDiem, NgayCap) VALUES('123456911319', N'Nốt ruồi 0.4cm trên cằm', '2010-01-06');
INSERT INTO CCCD(MaCCCD, DacDiem, NgayCap) VALUES('123454802500', N'Nốt ruồi 0.4cm trên cằm', '2010-01-06');
INSERT INTO CCCD(MaCCCD, DacDiem, NgayCap) VALUES('123453504171', N'Nốt ruồi 0.4cm trên cằm', '2010-01-06');
INSERT INTO CCCD(MaCCCD, DacDiem, NgayCap) VALUES('123454295845', N'Nốt ruồi 1cm tai trái', '2011-06-01');
INSERT INTO CCCD(MaCCCD, DacDiem, NgayCap) VALUES('123457954765', N'Nốt ruồi 1cm tai trái', '2011-06-01');
INSERT INTO CCCD(MaCCCD, DacDiem, NgayCap) VALUES('123456070668', N'Nốt ruồi 1cm tai trái', '2011-06-01');
INSERT INTO CCCD(MaCCCD, DacDiem, NgayCap) VALUES('123458275956', N'Nốt ruồi 1cm tai trái', '2011-06-01');
INSERT INTO CCCD(MaCCCD, DacDiem, NgayCap) VALUES('123453835919', N'Nốt ruồi 1cm tai trái', '2011-06-01');
INSERT INTO CCCD(MaCCCD, DacDiem, NgayCap) VALUES('123455630246', N'Nốt ruồi 1cm tai trái', '2011-06-01');
INSERT INTO CCCD(MaCCCD, DacDiem, NgayCap) VALUES('123453501020', N'Nốt ruồi 1cm tai trái', '2011-06-01');
INSERT INTO CCCD(MaCCCD, DacDiem, NgayCap) VALUES('123456103132', N'Nốt ruồi 1cm tai trái', '2011-06-01');
INSERT INTO CCCD(MaCCCD, DacDiem, NgayCap) VALUES('123453939781', N'Nốt ruồi 1cm tai trái', '2011-06-01');
INSERT INTO CCCD(MaCCCD, DacDiem, NgayCap) VALUES('123452282228', N'Nốt ruồi 1cm tai trái', '2011-06-01');
INSERT INTO CCCD(MaCCCD, DacDiem, NgayCap) VALUES('123456343485', N'Nốt ruồi 1cm tai trái', '2011-06-01');
INSERT INTO CCCD(MaCCCD, DacDiem, NgayCap) VALUES('123455924163', N'Nốt ruồi 1cm tai trái', '2011-06-01');
INSERT INTO CCCD(MaCCCD, DacDiem, NgayCap) VALUES('123458458935', N'Nốt ruồi 1cm tai trái', '2011-06-01');
INSERT INTO CCCD(MaCCCD, DacDiem, NgayCap) VALUES('123458021443', N'Nốt ruồi 1cm tai trái', '2011-06-01');
INSERT INTO CCCD(MaCCCD, DacDiem, NgayCap) VALUES('123456826257', N'Nốt ruồi 1cm tai trái', '2011-06-01');
INSERT INTO CCCD(MaCCCD, DacDiem, NgayCap) VALUES('123456351850', N'Thẹo 3cm dưới cổ', '2011-01-06');
INSERT INTO CCCD(MaCCCD, DacDiem, NgayCap) VALUES('123451465594', N'Thẹo 3cm dưới cổ', '2011-01-06');
INSERT INTO CCCD(MaCCCD, DacDiem, NgayCap) VALUES('123456633676', N'Thẹo 3cm dưới cổ', '2011-01-06');
INSERT INTO CCCD(MaCCCD, DacDiem, NgayCap) VALUES('123456352174', N'Thẹo 3cm dưới cổ', '2011-01-06');
INSERT INTO CCCD(MaCCCD, DacDiem, NgayCap) VALUES('123451404548', N'Thẹo 3cm dưới cổ', '2011-01-06');
INSERT INTO CCCD(MaCCCD, DacDiem, NgayCap) VALUES('123452156902', N'Thẹo 3cm dưới cổ', '2011-01-06');
INSERT INTO CCCD(MaCCCD, DacDiem, NgayCap) VALUES('123451375791', N'Thẹo 3cm dưới cổ', '2011-01-06');
INSERT INTO CCCD(MaCCCD, DacDiem, NgayCap) VALUES('123455407177', N'Thẹo 3cm dưới cổ', '2011-01-06');
INSERT INTO CCCD(MaCCCD, DacDiem, NgayCap) VALUES('123452124610', N'Thẹo 3cm dưới cổ', '2011-01-06');
INSERT INTO CCCD(MaCCCD, DacDiem, NgayCap) VALUES('123459928084', N'Thẹo 3cm dưới cổ', '2011-01-06');
INSERT INTO CCCD(MaCCCD, DacDiem, NgayCap) VALUES('123455126924', N'Thẹo 3cm dưới cổ', '2011-01-06');
INSERT INTO CCCD(MaCCCD, DacDiem, NgayCap) VALUES('123457884830', N'Thẹo 3cm dưới cổ', '2011-01-06');
INSERT INTO CCCD(MaCCCD, DacDiem, NgayCap) VALUES('123458835566', N'Nốt ruồi 0.4cm trên cằm', '2011-01-06');
INSERT INTO CCCD(MaCCCD, DacDiem, NgayCap) VALUES('123451800010', N'Nốt ruồi 0.4cm trên cằm', '2011-01-06');
INSERT INTO CCCD(MaCCCD, DacDiem, NgayCap) VALUES('123451636916', N'Nốt ruồi 0.4cm trên cằm', '2011-01-06');
INSERT INTO CCCD(MaCCCD, DacDiem, NgayCap) VALUES('123457542705', N'Nốt ruồi 0.4cm trên cằm', '2011-01-06');
INSERT INTO CCCD(MaCCCD, DacDiem, NgayCap) VALUES('123451970602', N'Nốt ruồi 0.4cm trên cằm', '2011-01-06');
INSERT INTO CCCD(MaCCCD, DacDiem, NgayCap) VALUES('123454931410', N'Nốt ruồi 0.4cm trên cằm', '2012-06-01');
INSERT INTO CCCD(MaCCCD, DacDiem, NgayCap) VALUES('123453945901', N'Nốt ruồi 0.4cm trên cằm', '2012-06-01');
INSERT INTO CCCD(MaCCCD, DacDiem, NgayCap) VALUES('123458842061', N'Nốt ruồi 0.4cm trên cằm', '2012-06-01');
INSERT INTO CCCD(MaCCCD, DacDiem, NgayCap) VALUES('123452276107', N'Nốt ruồi 0.4cm trên cằm', '2012-06-01');
INSERT INTO CCCD(MaCCCD, DacDiem, NgayCap) VALUES('123458282868', N'Nốt ruồi 1cm trên mũi', '2012-06-01');
INSERT INTO CCCD(MaCCCD, DacDiem, NgayCap) VALUES('123455578377', N'Nốt ruồi 1cm trên mũi', '2012-06-01');
INSERT INTO CCCD(MaCCCD, DacDiem, NgayCap) VALUES('123456156970', N'Nốt ruồi 1cm trên mũi', '2012-06-01');
INSERT INTO CCCD(MaCCCD, DacDiem, NgayCap) VALUES('123459230024', N'Nốt ruồi 1cm trên mũi', '2012-06-01');
INSERT INTO CCCD(MaCCCD, DacDiem, NgayCap) VALUES('123452002438', N'Nốt ruồi 1cm trên mũi', '2012-06-01');
INSERT INTO CCCD(MaCCCD, DacDiem, NgayCap) VALUES('123453153904', N'Nốt ruồi 1cm trên mũi', '2012-06-01');
INSERT INTO CCCD(MaCCCD, DacDiem, NgayCap) VALUES('123452008249', N'Thẹo 1cm hốc mắt phải', '2011-01-06');
INSERT INTO CCCD(MaCCCD, DacDiem, NgayCap) VALUES('123452218426', N'Thẹo 1cm hốc mắt phải', '2011-01-06');
INSERT INTO CCCD(MaCCCD, DacDiem, NgayCap) VALUES('123459098464', N'Thẹo 1cm hốc mắt phải', '2011-01-06');
INSERT INTO CCCD(MaCCCD, DacDiem, NgayCap) VALUES('123458882701', N'Thẹo 1cm hốc mắt phải', '2011-01-06');
INSERT INTO CCCD(MaCCCD, DacDiem, NgayCap) VALUES('123457101856', N'Thẹo 1cm hốc mắt phải', '2011-01-06');
INSERT INTO CCCD(MaCCCD, DacDiem, NgayCap) VALUES('123459421191', N'Thẹo 1cm hốc mắt phải', '2011-01-06');
INSERT INTO CCCD(MaCCCD, DacDiem, NgayCap) VALUES('123456673290', N'Thẹo 1cm hốc mắt phải', '2011-01-06');






GO

CREATE TABLE TAMTRUTAMVANG
(
	MaTTTV VARCHAR(15),
	CCCD VARCHAR(15) PRIMARY KEY,
	DiaChi NVARCHAR(100),
	NgayBD DATE,
	NgayKT DATE,
	TrangThai NVARCHAR(50),
	LiDo NVARCHAR(100) ,
	FOREIGN KEY (CCCD) REFERENCES CCCD(MaCCCD)
);

GO

INSERT INTO TAMTRUTAMVANG(MaTTTV, CCCD, DiaChi, NgayBD, NgayKT, TrangThai, LiDo) VALUES('000001','123456759177',N'484, Lê Văn Việt, Quận 9, Thủ Đức' ,'2015-01-07', '2022-01-10', N'Tạm trú', N'Học đại học' );
INSERT INTO TAMTRUTAMVANG(MaTTTV, CCCD, DiaChi, NgayBD, NgayKT, TrangThai, LiDo) VALUES('000002','123456633676',N'1 Võ Văn Ngân, Linh Chiểu, Thủ Đức, Hồ Chí Minh' ,'2023-01-07', '2027-01-10', N'Tạm trú', N'Công Tác' );
INSERT INTO TAMTRUTAMVANG(MaTTTV, CCCD, DiaChi, NgayBD, NgayKT, TrangThai, LiDo) VALUES('000003','123456630433',N'215 Hồng Bàng, Phường 11, Quận 5, Hồ Chí Minh' ,'2015-01-07', '2022-01-10', N'Tạm trú', N'Học Văn Bằng 2' );

GO

CREATE TABLE KHAISINH
(
	MaKS  VARCHAR(15) PRIMARY KEY,
	Ten NVARCHAR (30) NOT NULL,
	NgaySinh DATE NOT NULL,
	NgayDangKy DATE,
	GioiTinh VARCHAR(1) NOT NULL,
	DanToc NVARCHAR(20) NOT NULL,
	QuocTich NVARCHAR(20) NOT NULL,
	NoiSinh NVARCHAR(100),
	QueQuan NVARCHAR(100),
	CCCDCha VARCHAR(15),
	TenCha NVARCHAR(30),
	CCCDMe VARCHAR(15),
	TenMe NVARCHAR(30),
	FOREIGN KEY (MaKS) REFERENCES CCCD(MaCCCD),
);

GO

INSERT INTO KHAISINH(MaKS, Ten, NgaySinh, NgayDangKy, GioiTinh, DanToc, QuocTich, NoiSinh, QueQuan, CCCDCha, TenCha, CCCDMe, TenMe) VALUES('123456230368' , N'Trần Thị Loan', '1972-01-01','1992-01-02', 'f', N'Kinh', N'Việt Nam', N'10 Đinh Bộ Lĩnh, Phường 24, Quận Bình Thạnh, Hồ Chí Minh', N'33 Đinh Bộ Lĩnh, Phường 24, Quận Bình Thạnh, Hồ Chí Minh', 'unknow', N'unknow', 'unknow', N'unknow');
INSERT INTO KHAISINH(MaKS, Ten, NgaySinh, NgayDangKy, GioiTinh, DanToc, QuocTich, NoiSinh, QueQuan, CCCDCha, TenCha, CCCDMe, TenMe) VALUES('123456346206' , N'Nguyễn Văn Khoa', '1970-06-05','1970-06-12', 'm', N'Kinh', N'Việt Nam', N'10 Đinh Bộ Lĩnh, Phường 24, Quận Bình Thạnh, Hồ Chí Minh', N'unknow, unknow, unknow,Cà Mau', 'unknow', N'unknow', 'unknow', N'unknow');
INSERT INTO KHAISINH(MaKS, Ten, NgaySinh, NgayDangKy, GioiTinh, DanToc, QuocTich, NoiSinh, QueQuan, CCCDCha, TenCha, CCCDMe, TenMe) VALUES('123456759177' , N'Trịnh Hoàng Bảo', '1987-12-11','1987-12-20', 'm', N'Khmer', N'Việt Nam', N'10 Đinh Bộ Lĩnh, Phường 24, Quận Bình Thạnh, Hồ Chí Minh', N'unknow, unknow, unknow, Gia Lai', 'unknow', N'unknow', 'unknow', N'unknow');
INSERT INTO KHAISINH(MaKS, Ten, NgaySinh, NgayDangKy, GioiTinh, DanToc, QuocTich, NoiSinh, QueQuan, CCCDCha, TenCha, CCCDMe, TenMe) VALUES('123456299748' , N'Đinh Thị Trinh', '1995-05-23','1995-05-30', 'f', N'Kinh', N'Việt Nam', N'10 Đinh Bộ Lĩnh, Phường 24, Quận Bình Thạnh, Hồ Chí Minh', N'unknow, unknow, unknow,Hồ Chí Minh', 'unknow', N'unknow', 'unknow', N'unknow');
INSERT INTO KHAISINH(MaKS, Ten, NgaySinh, NgayDangKy, GioiTinh, DanToc, QuocTich, NoiSinh, QueQuan, CCCDCha, TenCha, CCCDMe, TenMe) VALUES('123456942224' , N'Nguyễn Thái Luyện', '1972-11-21','1972-11-29', 'm', N'Kinh', N'Việt Nam', N'6 Nguyễn Du, Phường Trần Hưng Đạo, Quận Hai Bà Trưng, Hà Nội', N'unknow, unknow, unknow, Đà Lạt', 'unknow', N'unknow', 'unknow', N'unknow');
INSERT INTO KHAISINH(MaKS, Ten, NgaySinh, NgayDangKy , GioiTinh, DanToc, QuocTich, NoiSinh, QueQuan, CCCDCha, TenCha, CCCDMe, TenMe) VALUES('123456666088' , N'Nguyễn Tuyết Nhi', '1969-12-14','1969-12-24', 'f', N'Kinh', N'Việt Nam', N'6 Nguyễn Du, Phường Trần Hưng Đạo, Quận Hai Bà Trưng, Hà Nội', N'unknow, unknow, unknow,Khánh Hòa', 'unknow', N'unknow', 'unknow', N'unknow');
INSERT INTO KHAISINH(MaKS, Ten, NgaySinh, NgayDangKy , GioiTinh, DanToc, QuocTich, NoiSinh, QueQuan, CCCDCha, TenCha, CCCDMe, TenMe) VALUES('123456246366' , N'Trương Thị Tuyết', '1971-03-13','1971-04-01', 'f', N'Hoa', N'Việt Nam', N'6 Nguyễn Du, Phường Trần Hưng Đạo, Quận Hai Bà Trưng, Hà Nội', N'unknow, unknow, unknow,Hà Nội', '123456777585', N'Nguyễn Văn Hùng', '123456777580', N'Trần Thị Loan');
INSERT INTO KHAISINH(MaKS, Ten, NgaySinh, NgayDangKy , GioiTinh, DanToc, QuocTich, NoiSinh, QueQuan, CCCDCha, TenCha, CCCDMe, TenMe) VALUES('123456783160' , N'Trần Thanh Bạch', '1975-04-23','1975-04-30', 'm', N'Kinh', N'Việt Nam', N'6 Nguyễn Du, Phường Trần Hưng Đạo, Quận Hai Bà Trưng, Hà Nội', N'unknow, unknow, unknow, Bà Rịa Vũng Tàu', 'unknow', N'unknow', 'unknow', N'unknow');
INSERT INTO KHAISINH(MaKS, Ten, NgaySinh, NgayDangKy , GioiTinh, DanToc, QuocTich, NoiSinh, QueQuan, CCCDCha, TenCha, CCCDMe, TenMe) VALUES('123456724577' , N'Phan Cẩm Thảo', '1977-05-05','1977-05-07', 'f', N'Kinh', N'Việt Nam', N'unknow, unknow, unknow, Trà Vinh', N'unknow, unknow, unknow, Phan Thiết', 'unknow', N'unknow', 'unknow', N'unknow');
INSERT INTO KHAISINH(MaKS, Ten, NgaySinh, NgayDangKy , GioiTinh, DanToc, QuocTich, NoiSinh, QueQuan, CCCDCha, TenCha, CCCDMe, TenMe) VALUES('123456520007' , N'Phan Gia Hào', '1977-02-01','1977-02-02', 'm', N'Kinh', N'Việt Nam', N'unknow, unknow, unknow, Trà Vinh', N'unknow, unknow, unknow, Nha Trang', 'unKnow', N'unKnow', 'unKnow0', N'unKnow');
INSERT INTO KHAISINH(MaKS, Ten, NgaySinh, NgayDangKy , GioiTinh, DanToc, QuocTich, NoiSinh, QueQuan, CCCDCha, TenCha, CCCDMe, TenMe) VALUES('123456201381' , N'Nguyễn Thị Bích', '1978-12-06','1978-12-22', 'f', N'Kinh', N'Việt Nam', N'unknow, unknow, unknow, Trà Vinh', N'unknow, unknow, unknow, Trà Vinh', 'unKnow', N'unKnow', 'unKnow', N'unKnown');
INSERT INTO KHAISINH(MaKS, Ten, NgaySinh, NgayDangKy , GioiTinh, DanToc, QuocTich, NoiSinh, QueQuan, CCCDCha, TenCha, CCCDMe, TenMe) VALUES('123456875520' , N'Trương Công Bằng', '1978-11-11','1978-11-11', 'f', N'Kinh', N'Việt Nam', N'unknow, unknow, unknow, unknow', N'unknow, unknow, unknow, unKnow', 'unKnow', N'unKnow', 'unKnow', N'unKnow');
INSERT INTO KHAISINH(MaKS, Ten, NgaySinh, NgayDangKy , GioiTinh, DanToc, QuocTich, NoiSinh, QueQuan, CCCDCha, TenCha, CCCDMe, TenMe) VALUES('123452990252' , N'Huỳnh Thảo Vy', '1971-05-08','1971-05-08', 'f', N'Kinh', N'Việt Nam', N'unknow, unknow, unknow, unknow', N'unknow, unknow, unknow, unKnow', 'unKnow', N'unKnow', 'unKnow', N'unKnow');
INSERT INTO KHAISINH(MaKS, Ten, NgaySinh, NgayDangKy , GioiTinh, DanToc, QuocTich, NoiSinh, QueQuan, CCCDCha, TenCha, CCCDMe, TenMe) VALUES('123458719629' , N'Trần Anh Tuấn', '1975-12-11','1975-12-11', 'm', N'Kinh', N'Việt Nam', N'unknow, unknow, unknow, unknow', N'unknow, unknow, unknow, unKnow', 'unKnow', N'unKnow', 'unKnow', N'unKnow');
INSERT INTO KHAISINH(MaKS, Ten, NgaySinh, NgayDangKy , GioiTinh, DanToc, QuocTich, NoiSinh, QueQuan, CCCDCha, TenCha, CCCDMe, TenMe) VALUES('123451302609' , N'Lê Văn Hiếu', '1974-05-05','1974-05-05', 'm', N'Kinh', N'Việt Nam', N'unknow, unknow, unknow, unknow', N'unknow, unknow, unknow, unKnow', 'unKnow', N'unKnow', 'unKnow', N'unKnow');
INSERT INTO KHAISINH(MaKS, Ten, NgaySinh, NgayDangKy , GioiTinh, DanToc, QuocTich, NoiSinh, QueQuan, CCCDCha, TenCha, CCCDMe, TenMe) VALUES('123457353223' , N'Lê Bích Ngọc', '1977-11-24','1977-11-24', 'f', N'Kinh', N'Việt Nam', N'unknow, unknow, unknow, unknow', N'unknow, unknow, unknow, unKnow', 'unKnow', N'unKnow', 'unKnow', N'unKnow');
INSERT INTO KHAISINH(MaKS, Ten, NgaySinh, NgayDangKy , GioiTinh, DanToc, QuocTich, NoiSinh, QueQuan, CCCDCha, TenCha, CCCDMe, TenMe) VALUES('123457281508' , N'Bùi Văn Đức', '1970-12-12','1970-12-12', 'm', N'Kinh', N'Việt Nam', N'unknow, unknow, unknow, unknow', N'unknow, unknow, unknow, unKnow', 'unKnow', N'unKnow', 'unKnow', N'unKnow');
INSERT INTO KHAISINH(MaKS, Ten, NgaySinh, NgayDangKy , GioiTinh, DanToc, QuocTich, NoiSinh, QueQuan, CCCDCha, TenCha, CCCDMe, TenMe) VALUES('123455303029' , N'Phạm Diệu Linh', '1971-05-23','1971-05-23', 'f', N'Kinh', N'Việt Nam', N'unknow, unknow, unknow, unknow', N'unknow, unknow, unknow, unKnow', 'unKnow', N'unKnow', 'unKnow', N'unKnow');
INSERT INTO KHAISINH(MaKS, Ten, NgaySinh, NgayDangKy , GioiTinh, DanToc, QuocTich, NoiSinh, QueQuan, CCCDCha, TenCha, CCCDMe, TenMe) VALUES('123456628675' , N'Phí Văn Nam', '1975-04-30','1975-04-30', 'm', N'Kinh', N'Việt Nam', N'unknow, unknow, unknow, unknow', N'unknow, unknow, unknow, unKnow', 'unKnow', N'unKnow', 'unKnow', N'unKnow');
INSERT INTO KHAISINH(MaKS, Ten, NgaySinh, NgayDangKy , GioiTinh, DanToc, QuocTich, NoiSinh, QueQuan, CCCDCha, TenCha, CCCDMe, TenMe) VALUES('123451416478' , N'Phan Anh Thư', '1973-12-24','1973-12-24', 'f', N'Kinh', N'Việt Nam', N'unknow, unknow, unknow, unknow', N'unknow, unknow, unknow, unKnow', 'unKnow', N'unKnow', 'unKnow', N'unKnow');
INSERT INTO KHAISINH(MaKS, Ten, NgaySinh, NgayDangKy , GioiTinh, DanToc, QuocTich, NoiSinh, QueQuan, CCCDCha, TenCha, CCCDMe, TenMe) VALUES('123452670171' , N'Phạm Ngọc Yến Nhi', '1972-05-09','1972-05-09', 'f', N'Kinh', N'Việt Nam', N'unknow, unknow, unknow, unknow', N'unknow, unknow, unknow, unKnow', 'unKnow', N'unKnow', 'unKnow', N'unKnow');
INSERT INTO KHAISINH(MaKS, Ten, NgaySinh, NgayDangKy , GioiTinh, DanToc, QuocTich, NoiSinh, QueQuan, CCCDCha, TenCha, CCCDMe, TenMe) VALUES('123456258046' , N'Lương Văn Đoàn', '1975-03-16','1975-03-16', 'm', N'Kinh', N'Việt Nam', N'unknow, unknow, unknow, unknow', N'unknow, unknow, unknow, unKnow', 'unKnow', N'unKnow', 'unKnow', N'unKnow');
INSERT INTO KHAISINH(MaKS, Ten, NgaySinh, NgayDangKy , GioiTinh, DanToc, QuocTich, NoiSinh, QueQuan, CCCDCha, TenCha, CCCDMe, TenMe) VALUES('123453227638' , N'Tạ Thị Ngọc Ánh', '1970-06-02','1970-06-02', 'f', N'Kinh', N'Việt Nam', N'unknow, unknow, unknow, unknow', N'unknow, unknow, unknow, unKnow', 'unKnow', N'unKnow', 'unKnow', N'unKnow');
INSERT INTO KHAISINH(MaKS, Ten, NgaySinh, NgayDangKy , GioiTinh, DanToc, QuocTich, NoiSinh, QueQuan, CCCDCha, TenCha, CCCDMe, TenMe) VALUES('123456905692' , N'Nguyễn Thanh Tùng', '1969-04-12','1969-04-12', 'm', N'Kinh', N'Việt Nam', N'unknow, unknow, unknow, unknow', N'unknow, unknow, unknow, unKnow', 'unKnow', N'unKnow', 'unKnow', N'unKnow');
INSERT INTO KHAISINH(MaKS, Ten, NgaySinh, NgayDangKy , GioiTinh, DanToc, QuocTich, NoiSinh, QueQuan, CCCDCha, TenCha, CCCDMe, TenMe) VALUES('123456911319' , N'Nguyễn Tường Anh', '1973-06-30','1973-06-30', 'm', N'Kinh', N'Việt Nam', N'unknow, unknow, unknow, unknow', N'unknow, unknow, unknow, unKnow', 'unKnow', N'unKnow', 'unKnow', N'unKnow');
INSERT INTO KHAISINH(MaKS, Ten, NgaySinh, NgayDangKy , GioiTinh, DanToc, QuocTich, NoiSinh, QueQuan, CCCDCha, TenCha, CCCDMe, TenMe) VALUES('123454802500' , N'Nguyễn Thanh Huyền', '1983-08-23','1973-06-30', 'm', N'Kinh', N'Việt Nam', N'unknow, unknow, unknow, unknow', N'unknow, unknow, unknow, unKnow', 'unKnow', N'unKnow', 'unKnow', N'unKnow');
INSERT INTO KHAISINH(MaKS, Ten, NgaySinh, NgayDangKy , GioiTinh, DanToc, QuocTich, NoiSinh, QueQuan, CCCDCha, TenCha, CCCDMe, TenMe) VALUES('123457954765' , N'Vũ Thúy Hường', '1981-07-01','1981-07-01', 'f', N'Kinh', N'Việt Nam', N'unknow, unknow, unknow, unknow', N'unknow, unknow, unknow, unKnow', 'unKnow', N'unKnow', 'unKnow', N'unKnow');
INSERT INTO KHAISINH(MaKS, Ten, NgaySinh, NgayDangKy , GioiTinh, DanToc, QuocTich, NoiSinh, QueQuan, CCCDCha, TenCha, CCCDMe, TenMe) VALUES('123456070668' , N'Hoàng Minh Thuấn', '1984-12-12','1984-12-12', 'm', N'Kinh', N'Việt Nam', N'unknow, unknow, unknow, unknow', N'unknow, unknow, unknow, unKnow', 'unKnow', N'unKnow', 'unKnow', N'unKnow');
INSERT INTO KHAISINH(MaKS, Ten, NgaySinh, NgayDangKy , GioiTinh, DanToc, QuocTich, NoiSinh, QueQuan, CCCDCha, TenCha, CCCDMe, TenMe) VALUES('123455630246' , N'Lê Thị Phương Thảo', '1982-12-24','1984-12-12', 'f', N'Kinh', N'Việt Nam', N'unknow, unknow, unknow, unknow', N'unknow, unknow, unknow, unKnow', 'unKnow', N'unKnow', 'unKnow', N'unKnow');
INSERT INTO KHAISINH(MaKS, Ten, NgaySinh, NgayDangKy , GioiTinh, DanToc, QuocTich, NoiSinh, QueQuan, CCCDCha, TenCha, CCCDMe, TenMe) VALUES('123453501020' , N'Nguyễn Hoàng Thái Long', '1968-12-11','1968-12-11', 'm', N'Kinh', N'Việt Nam', N'unknow, unknow, unknow, unknow', N'unknow, unknow, unknow, unKnow', 'unKnow', N'unKnow', 'unKnow', N'unKnow');
INSERT INTO KHAISINH(MaKS, Ten, NgaySinh, NgayDangKy , GioiTinh, DanToc, QuocTich, NoiSinh, QueQuan, CCCDCha, TenCha, CCCDMe, TenMe) VALUES('123452282228' , N'Mai Anh Lâm', '1967-08-02','1967-08-02', 'f', N'Kinh', N'Việt Nam', N'unknow, unknow, unknow, unknow', N'unknow, unknow, unknow, unKnow', 'unKnow', N'unKnow', 'unKnow', N'unKnow');
INSERT INTO KHAISINH(MaKS, Ten, NgaySinh, NgayDangKy , GioiTinh, DanToc, QuocTich, NoiSinh, QueQuan, CCCDCha, TenCha, CCCDMe, TenMe) VALUES('123456343485' , N'Trương Ngọc Ánh', '1976-05-06','1976-05-06', 'f', N'Kinh', N'Việt Nam', N'unknow, unknow, unknow, unknow', N'unknow, unknow, unknow, unKnow', 'unKnow', N'unKnow', 'unKnow', N'unKnow');
INSERT INTO KHAISINH(MaKS, Ten, NgaySinh, NgayDangKy , GioiTinh, DanToc, QuocTich, NoiSinh, QueQuan, CCCDCha, TenCha, CCCDMe, TenMe) VALUES('123458021443' , N'Hà Thái Sơn', '1979-05-21','1979-05-21', 'm', N'Kinh', N'Việt Nam', N'unknow, unknow, unknow, unknow', N'unknow, unknow, unknow, unKnow', 'unKnow', N'unKnow', 'unKnow', N'unKnow');
INSERT INTO KHAISINH(MaKS, Ten, NgaySinh, NgayDangKy , GioiTinh, DanToc, QuocTich, NoiSinh, QueQuan, CCCDCha, TenCha, CCCDMe, TenMe) VALUES('123456826257' , N'Nguyễn Nhi', '1976-12-05','1976-12-05', 'f', N'Kinh', N'Việt Nam', N'unknow, unknow, unknow, unknow', N'unknow, unknow, unknow, unKnow', 'unKnow', N'unKnow', 'unKnow', N'unKnow');
INSERT INTO KHAISINH(MaKS, Ten, NgaySinh, NgayDangKy , GioiTinh, DanToc, QuocTich, NoiSinh, QueQuan, CCCDCha, TenCha, CCCDMe, TenMe) VALUES('123456633676' , N'Hoàng Đức', '1973-12-01','1973-12-01', 'm', N'Kinh', N'Việt Nam', N'unknow, unknow, unknow, unknow', N'unknow, unknow, unknow, unKnow', 'unKnow', N'unKnow', 'unKnow', N'unKnow');
INSERT INTO KHAISINH(MaKS, Ten, NgaySinh, NgayDangKy , GioiTinh, DanToc, QuocTich, NoiSinh, QueQuan, CCCDCha, TenCha, CCCDMe, TenMe) VALUES('123456352174' , N'Nguyễn Lê Thanh Vân', '1972-05-16','1972-05-16', 'f', N'Kinh', N'Việt Nam', N'unknow, unknow, unknow, unknow', N'unknow, unknow, unknow, unKnow', 'unKnow', N'unKnow', 'unKnow', N'unKnow');
INSERT INTO KHAISINH(MaKS, Ten, NgaySinh, NgayDangKy , GioiTinh, DanToc, QuocTich, NoiSinh, QueQuan, CCCDCha, TenCha, CCCDMe, TenMe) VALUES('123451375791' , N'Trần Thái Kiên', '1976-01-30','1976-01-30', 'm', N'Kinh', N'Việt Nam', N'unknow, unknow, unknow, unknow', N'unknow, unknow, unknow, unKnow', 'unKnow', N'unKnow', 'unKnow', N'unKnow');
INSERT INTO KHAISINH(MaKS, Ten, NgaySinh, NgayDangKy , GioiTinh, DanToc, QuocTich, NoiSinh, QueQuan, CCCDCha, TenCha, CCCDMe, TenMe) VALUES('123455407177' , N'Huỳnh Bảo Trúc', '1975-06-05','1975-06-05', 'f', N'Kinh', N'Việt Nam', N'unknow, unknow, unknow, unknow', N'unknow, unknow, unknow, unKnow', 'unKnow', N'unKnow', 'unKnow', N'unKnow');
INSERT INTO KHAISINH(MaKS, Ten, NgaySinh, NgayDangKy , GioiTinh, DanToc, QuocTich, NoiSinh, QueQuan, CCCDCha, TenCha, CCCDMe, TenMe) VALUES('123455126924' , N'Nguyễn Thu Hiền', '1978-12-12','1978-12-12', 'f', N'Kinh', N'Việt Nam', N'unknow, unknow, unknow, unknow', N'unknow, unknow, unknow, unKnow', 'unKnow', N'unKnow', 'unKnow', N'unKnow');
INSERT INTO KHAISINH(MaKS, Ten, NgaySinh, NgayDangKy , GioiTinh, DanToc, QuocTich, NoiSinh, QueQuan, CCCDCha, TenCha, CCCDMe, TenMe) VALUES('123457884830' , N'Hồ Hoàng Việt', '1981-05-09','1981-05-09', 'm', N'Kinh', N'Việt Nam', N'unknow, unknow, unknow, unknow', N'unknow, unknow, unknow, unKnow', 'unKnow', N'unKnow', 'unKnow', N'unKnow');
INSERT INTO KHAISINH(MaKS, Ten, NgaySinh, NgayDangKy , GioiTinh, DanToc, QuocTich, NoiSinh, QueQuan, CCCDCha, TenCha, CCCDMe, TenMe) VALUES('123451636916' , N'Trần Quang Sơn', '1973-05-10','1973-05-10', 'm', N'Kinh', N'Việt Nam', N'unknow, unknow, unknow, unknow', N'unknow, unknow, unknow, unKnow', 'unKnow', N'unKnow', 'unKnow', N'unKnow');
INSERT INTO KHAISINH(MaKS, Ten, NgaySinh, NgayDangKy , GioiTinh, DanToc, QuocTich, NoiSinh, QueQuan, CCCDCha, TenCha, CCCDMe, TenMe) VALUES('123457542705' , N'Trần Thị Thanh Hương', '1979-04-24','1979-04-24', 'f', N'Kinh', N'Việt Nam', N'unknow, unknow, unknow, unknow', N'unknow, unknow, unknow, unKnow', 'unKnow', N'unKnow', 'unKnow', N'unKnow');
INSERT INTO KHAISINH(MaKS, Ten, NgaySinh, NgayDangKy , GioiTinh, DanToc, QuocTich, NoiSinh, QueQuan, CCCDCha, TenCha, CCCDMe, TenMe) VALUES('123453945901' , N'Nguyễn Ngọc Hân', '1970-12-23','1970-12-23', 'f', N'Kinh', N'Việt Nam', N'unknow, unknow, unknow, unknow', N'unknow, unknow, unknow, unKnow', 'unKnow', N'unKnow', 'unKnow', N'unKnow');
INSERT INTO KHAISINH(MaKS, Ten, NgaySinh, NgayDangKy , GioiTinh, DanToc, QuocTich, NoiSinh, QueQuan, CCCDCha, TenCha, CCCDMe, TenMe) VALUES('123458842061' , N'Đinh Tấn Trung', '1975-12-04','1975-12-04', 'm', N'Kinh', N'Việt Nam', N'unknow, unknow, unknow, unknow', N'unknow, unknow, unknow, unKnow', 'unKnow', N'unKnow', 'unKnow', N'unKnow');
INSERT INTO KHAISINH(MaKS, Ten, NgaySinh, NgayDangKy , GioiTinh, DanToc, QuocTich, NoiSinh, QueQuan, CCCDCha, TenCha, CCCDMe, TenMe) VALUES('123455578377' , N'Nguyễn Quang Thanh', '1976-01-24','1976-01-24', 'm', N'Kinh', N'Việt Nam', N'unknow, unknow, unknow, unknow', N'unknow, unknow, unknow, unKnow', 'unKnow', N'unKnow', 'unKnow', N'unKnow');
INSERT INTO KHAISINH(MaKS, Ten, NgaySinh, NgayDangKy , GioiTinh, DanToc, QuocTich, NoiSinh, QueQuan, CCCDCha, TenCha, CCCDMe, TenMe) VALUES('123456156970' , N'Lê Bảo Hân', '1973-03-02','1973-03-02', 'f', N'Kinh', N'Việt Nam', N'unknow, unknow, unknow, unknow', N'unknow, unknow, unknow, unKnow', 'unKnow', N'unKnow', 'unKnow', N'unKnow');
INSERT INTO KHAISINH(MaKS, Ten, NgaySinh, NgayDangKy , GioiTinh, DanToc, QuocTich, NoiSinh, QueQuan, CCCDCha, TenCha, CCCDMe, TenMe) VALUES('123453153904' , N'Hoàng Thu Thảo', '1972-08-19','1972-08-19', 'f', N'Kinh', N'Việt Nam', N'unknow, unknow, unknow, unknow', N'unknow, unknow, unknow, unKnow', 'unKnow', N'unKnow', 'unKnow', N'unKnow');
INSERT INTO KHAISINH(MaKS, Ten, NgaySinh, NgayDangKy , GioiTinh, DanToc, QuocTich, NoiSinh, QueQuan, CCCDCha, TenCha, CCCDMe, TenMe) VALUES('123452008249' , N'Vũ Đình Trung Đức', '1972-07-11','1972-07-11', 'm', N'Kinh', N'Việt Nam', N'unknow, unknow, unknow, unknow', N'unknow, unknow, unknow, unKnow', 'unKnow', N'unKnow', 'unKnow', N'unKnow');
INSERT INTO KHAISINH(MaKS, Ten, NgaySinh, NgayDangKy , GioiTinh, DanToc, QuocTich, NoiSinh, QueQuan, CCCDCha, TenCha, CCCDMe, TenMe) VALUES('123458882701' , N'Phạm Thái Sơn', '1984-10-11','1984-10-11', 'm', N'Kinh', N'Việt Nam', N'unknow, unknow, unknow, unknow', N'unknow, unknow, unknow, unKnow', 'unKnow', N'unKnow', 'unKnow', N'unKnow');
INSERT INTO KHAISINH(MaKS, Ten, NgaySinh, NgayDangKy , GioiTinh, DanToc, QuocTich, NoiSinh, QueQuan, CCCDCha, TenCha, CCCDMe, TenMe) VALUES('123457101856' , N'Nguyễn Thị Như Huyền', '1974-11-12','1974-11-12', 'f', N'Kinh', N'Việt Nam', N'unknow, unknow, unknow, unknow', N'unknow, unknow, unknow, unKnow', 'unKnow', N'unKnow', 'unKnow', N'unKnow');

INSERT INTO KHAISINH(MaKS, Ten, NgaySinh, NgayDangKy , GioiTinh, DanToc, QuocTich, NoiSinh, QueQuan, CCCDCha, TenCha, CCCDMe, TenMe) VALUES('123456210412' , N'Nguyễn Văn Khải', '2020-12-12','2020-12-12', 'm', N'Kinh', N'Việt Nam', N'729 Xô Viết Nghệ Tĩnh, Phường 26, Quận Bình Thạnh, Hồ Chí Minh', N'729 Xô Viết Nghệ Tĩnh, Phường 26, Quận Bình Thạnh, Hồ Chí Minh', '123456346206', N'Nguyễn Văn Khoa', '123456230368', N'Trần Thị Loan');
INSERT INTO KHAISINH(MaKS, Ten, NgaySinh, NgayDangKy , GioiTinh, DanToc, QuocTich, NoiSinh, QueQuan, CCCDCha, TenCha, CCCDMe, TenMe) VALUES('123456738708' , N'Nguyễn Thị Thúy', '2021-11-24','2021-11-24', 'f', N'Kinh', N'Việt Nam', N'729 Xô Viết Nghệ Tĩnh, Phường 26, Quận Bình Thạnh, Hồ Chí Minh', N'729 Xô Viết Nghệ Tĩnh, Phường 26, Quận Bình Thạnh, Hồ Chí Minh', '123456346206', N'Nguyễn Văn Khoa', '123456230368', N'Trần Thị Loan');

INSERT INTO KHAISINH(MaKS, Ten, NgaySinh, NgayDangKy , GioiTinh, DanToc, QuocTich, NoiSinh, QueQuan, CCCDCha, TenCha, CCCDMe, TenMe) VALUES('123456355717' , N'Trịnh Thái Thảo', '2003-12-05','2003-12-05', 'f', N'', N'Việt Nam', N'636 Tân Kỳ Tân Quý, Phường Sơn Kỳ, Quận Tân Phú, Hồ Chí Minh', N'636 Tân Kỳ Tân Quý, Phường Sơn Kỳ, Quận Tân Phú, Hồ Chí Minh', '123456759177', N'Trịnh Hoàng Bảo', '123456299748', N'Đinh Thị Trinh');
INSERT INTO KHAISINH(MaKS, Ten, NgaySinh, NgayDangKy , GioiTinh, DanToc, QuocTich, NoiSinh, QueQuan, CCCDCha, TenCha, CCCDMe, TenMe) VALUES('123456899917' , N'Trịnh Hoàng Hùng', '2005-05-06','2005-05-06', 'm', N'', N'Việt Nam', N'636 Tân Kỳ Tân Quý, Phường Sơn Kỳ, Quận Tân Phú, Hồ Chí Minh', N'636 Tân Kỳ Tân Quý, Phường Sơn Kỳ, Quận Tân Phú, Hồ Chí Minh', '123456759177', N'Trịnh Hoàng Bảo', '123456299748', N'Đinh Thị Trinh');

INSERT INTO KHAISINH(MaKS, Ten, NgaySinh, NgayDangKy , GioiTinh, DanToc, QuocTich, NoiSinh, QueQuan, CCCDCha, TenCha, CCCDMe, TenMe) VALUES('123456511134' , N'Nguyễn Viết Thái', '2000-01-30','2000-01-30', 'm', N'', N'Việt Nam', N'33 Đinh Bộ Lĩnh, Phường 24, Quận Bình Thạnh, Hồ Chí Minh', N'33 Đinh Bộ Lĩnh, Phường 24, Quận Bình Thạnh, Hồ Chí Minh', '123456942224', N'Nguyễn Thái Luyện', '123456666088', N'Nguyễn Tuyết Nhi');
INSERT INTO KHAISINH(MaKS, Ten, NgaySinh, NgayDangKy , GioiTinh, DanToc, QuocTich, NoiSinh, QueQuan, CCCDCha, TenCha, CCCDMe, TenMe) VALUES('123456134058' , N'Nguyễn Hoàng Bảo', '2003-07-01','2003-07-01', 'm', N'', N'Việt Nam', N'33 Đinh Bộ Lĩnh, Phường 24, Quận Bình Thạnh, Hồ Chí Minh', N'33 Đinh Bộ Lĩnh, Phường 24, Quận Bình Thạnh, Hồ Chí Minh', '123456942224', N'Nguyễn Thái Luyện', '123456666088', N'Nguyễn Tuyết Nhi');

INSERT INTO KHAISINH(MaKS, Ten, NgaySinh, NgayDangKy , GioiTinh, DanToc, QuocTich, NoiSinh, QueQuan, CCCDCha, TenCha, CCCDMe, TenMe) VALUES('123456523495' , N'Trần Thị Nhung', '2001-12-10','2001-12-10', 'f', N'', N'Việt Nam', N'37 Xuân Thủy, Thảo Điền, Quận 2, Hồ Chí Minh', N'37 Xuân Thủy, Thảo Điền, Quận 2, Hồ Chí Minh', '123456783160', N'Trần Thanh Bạch', '123456246366', N'Trương Thị Tuyết');
INSERT INTO KHAISINH(MaKS, Ten, NgaySinh, NgayDangKy , GioiTinh, DanToc, QuocTich, NoiSinh, QueQuan, CCCDCha, TenCha, CCCDMe, TenMe) VALUES('123456325526' , N'Trần thị Linh', '2004-05-04','2004-05-04', 'f', N'', N'Việt Nam', N'37 Xuân Thủy, Thảo Điền, Quận 2, Hồ Chí Minh', N'37 Xuân Thủy, Thảo Điền, Quận 2, Hồ Chí Minh', '123456783160', N'Trần Thanh Bạch', '123456246366', N'Trương Thị Tuyết');

INSERT INTO KHAISINH(MaKS, Ten, NgaySinh, NgayDangKy , GioiTinh, DanToc, QuocTich, NoiSinh, QueQuan, CCCDCha, TenCha, CCCDMe, TenMe) VALUES('123456767156' , N'Phan Gia Thảo', '1999-10-20','1999-10-20', 'f', N'', N'Việt Nam', N'230 Pasteur,Phường 8, Quận 3, Hồ Chí Minh', N'230 Pasteur,Phường 8, Quận 3, Hồ Chí Minh', '123456520007', N'Phan Gia Hào', '123456724577', N'Phan Cẩm Thảo');
INSERT INTO KHAISINH(MaKS, Ten, NgaySinh, NgayDangKy , GioiTinh, DanToc, QuocTich, NoiSinh, QueQuan, CCCDCha, TenCha, CCCDMe, TenMe) VALUES('123456198201' , N'Phan Thanh Đạt', '2001-09-15','2001-09-15', 'm', N'', N'Việt Nam', N'230 Pasteur,Phường 8, Quận 3, Hồ Chí Minh', N'230 Pasteur,Phường 8, Quận 3, Hồ Chí Minh', '123456520007', N'Phan Gia Hào', '123456724577', N'Phan Cẩm Thảo');

INSERT INTO KHAISINH(MaKS, Ten, NgaySinh, NgayDangKy , GioiTinh, DanToc, QuocTich, NoiSinh, QueQuan, CCCDCha, TenCha, CCCDMe, TenMe) VALUES('123456468063' , N'Nguyễn Gia Hưng', '2000-01-01','2000-01-01', 'm', N'', N'Việt Nam', N'88 Tạ Hiện, Hàng Buồm, Quận Hoàn Kiếm, Hà nội', N'88 Tạ Hiện, Hàng Buồm, Quận Hoàn Kiếm, Hà nội', '123456875520', N'Trương Công Bằng', '123456201381', N'Nguyễn Thị Bích');
INSERT INTO KHAISINH(MaKS, Ten, NgaySinh, NgayDangKy , GioiTinh, DanToc, QuocTich, NoiSinh, QueQuan, CCCDCha, TenCha, CCCDMe, TenMe) VALUES('123456582616' , N'Trương Nguyễn Gia Bảo', '2001-11-25','2001-11-25', 'm', N'', N'Việt Nam', N'88 Tạ Hiện, Hàng Buồm, Quận Hoàn Kiếm, Hà nội', N'88 Tạ Hiện, Hàng Buồm, Quận Hoàn Kiếm, Hà nội', '123456875520', N'Trương Công Bằng', '123456201381', N'Nguyễn Thị Bích');

INSERT INTO KHAISINH(MaKS, Ten, NgaySinh, NgayDangKy , GioiTinh, DanToc, QuocTich, NoiSinh, QueQuan, CCCDCha, TenCha, CCCDMe, TenMe) VALUES('123453959542' , N'Trần Huỳnh Thu Thảo', '1992-01-12','1992-01-12', 'f', N'', N'Việt Nam', N'64 Nguyễn Du, Phường Trần Hưng Đạo, Quận Hai Bà Trưng, Hà Nội', N'64 Nguyễn Du, Phường Trần Hưng Đạo, Quận Hai Bà Trưng, Hà Nội', '123458719629', N'Trần Anh Tuấn', '123452990252', N'Huỳnh Thảo Vy');
INSERT INTO KHAISINH(MaKS, Ten, NgaySinh, NgayDangKy , GioiTinh, DanToc, QuocTich, NoiSinh, QueQuan, CCCDCha, TenCha, CCCDMe, TenMe) VALUES('123455052665' , N'Trần Thị Nhung', '1997-09-05','1997-09-05', 'm', N'', N'Việt Nam', N'64 Nguyễn Du, Phường Trần Hưng Đạo, Quận Hai Bà Trưng, Hà Nội', N'64 Nguyễn Du, Phường Trần Hưng Đạo, Quận Hai Bà Trưng, Hà Nội', '123458719629', N'Trần Anh Tuấn', '123452990252', N'Huỳnh Thảo Vy');

INSERT INTO KHAISINH(MaKS, Ten, NgaySinh, NgayDangKy , GioiTinh, DanToc, QuocTich, NoiSinh, QueQuan, CCCDCha, TenCha, CCCDMe, TenMe) VALUES('123456630433' , N'Lê Thái Ngọc', '1992-08-22','1992-08-22', 'm', N'', N'Việt Nam', N'10 Lý Quốc Sư, Phường Hàng Trống, Quận Hoàn Kiếm, Hà Nội', N'10 Lý Quốc Sư, Phường Hàng Trống, Quận Hoàn Kiếm, Hà Nội', '123451302609', N'Lê Văn Hiếu', '123457353223', N'Lê Bích Ngọc');
INSERT INTO KHAISINH(MaKS, Ten, NgaySinh, NgayDangKy , GioiTinh, DanToc, QuocTich, NoiSinh, QueQuan, CCCDCha, TenCha, CCCDMe, TenMe) VALUES('123454316404' , N'Lê Bích Trâm', '1995-06-10','1995-06-10', 'f', N'', N'Việt Nam', N'10 Lý Quốc Sư, Phường Hàng Trống, Quận Hoàn Kiếm, Hà Nội', N'10 Lý Quốc Sư, Phường Hàng Trống, Quận Hoàn Kiếm, Hà Nội', '123451302609', N'Lê Văn Hiếu', '123457353223', N'Lê Bích Ngọc');

INSERT INTO KHAISINH(MaKS, Ten, NgaySinh, NgayDangKy , GioiTinh, DanToc, QuocTich, NoiSinh, QueQuan, CCCDCha, TenCha, CCCDMe, TenMe) VALUES('123457169982' , N'Bùi Thị Mai', '1990-01-06','1990-01-06', 'f', N'', N'Việt Nam', N'1 Hỏa Lò, Phường Trần Hưng Đạo, Quận Hoàn Kiếm, Hà Nội', N'1 Hỏa Lò, Phường Trần Hưng Đạo, Quận Hoàn Kiếm, Hà Nội', '123457281508', N'Bùi Văn Đức', '123455303029', N'Phạm Diệu Linh');
INSERT INTO KHAISINH(MaKS, Ten, NgaySinh, NgayDangKy , GioiTinh, DanToc, QuocTich, NoiSinh, QueQuan, CCCDCha, TenCha, CCCDMe, TenMe) VALUES('123451815150' , N'Phạm Hoàng Phát', '1993-10-12','1993-10-12', 'm', N'Việt Nam', N'', N'1 Hỏa Lò, Phường Trần Hưng Đạo, Quận Hoàn Kiếm, Hà Nội', N'1 Hỏa Lò, Phường Trần Hưng Đạo, Quận Hoàn Kiếm, Hà Nội', '123457281508', N'Bùi Văn Đức', '123455303029', N'Phạm Diệu Linh');

INSERT INTO KHAISINH(MaKS, Ten, NgaySinh, NgayDangKy , GioiTinh, DanToc, QuocTich, NoiSinh, QueQuan, CCCDCha, TenCha, CCCDMe, TenMe) VALUES('123459191787' , N'Phí Thanh Thảo', '1989-10-12','1989-10-12', 'f', N'', N'Việt Nam', N'5 Tây Hoa,Quảng An, Phường Tây Hồ, Hà Nội', N'5 Tây Hoa,Quảng An, Phường Tây Hồ, Hà Nội', '123456628675', N'Phí Văn Nam', '123451416478', N'Phan Anh Thư');
INSERT INTO KHAISINH(MaKS, Ten, NgaySinh, NgayDangKy , GioiTinh, DanToc, QuocTich, NoiSinh, QueQuan, CCCDCha, TenCha, CCCDMe, TenMe) VALUES('123454078351' , N'Phí Văn Hùng', '1992-08-24','1992-08-24', 'm', N'', N'Việt Nam', N'5 Tây Hoa,Quảng An, Phường Tây Hồ, Hà Nội', N'5 Tây Hoa,Quảng An, Phường Tây Hồ, Hà Nội', '123456628675', N'Phí Văn Nam', '123451416478', N'Phan Anh Thư');

INSERT INTO KHAISINH(MaKS, Ten, NgaySinh, NgayDangKy , GioiTinh, DanToc, QuocTich, NoiSinh, QueQuan, CCCDCha, TenCha, CCCDMe, TenMe) VALUES('123455732869' , N'Lương Ngọc Trinh', '1988-10-28','1988-10-28', 'f', N'', N'Việt Nam', N'44 Yersin, Phường 10, Thành phố Đà Lạt, Lâm Đồng', N'44 Yersin, Phường 10, Thành phố Đà Lạt, Lâm Đồng', '123456258046', N'Lương Văn Đoàn', '123452670171', N'Phạm Ngọc Yến Nhi');
INSERT INTO KHAISINH(MaKS, Ten, NgaySinh, NgayDangKy , GioiTinh, DanToc, QuocTich, NoiSinh, QueQuan, CCCDCha, TenCha, CCCDMe, TenMe) VALUES('123451674504' , N'Lương Phạm Thái', '1995-08-19','1995-08-19', 'm', N'', N'Việt Nam', N'44 Yersin, Phường 10, Thành phố Đà Lạt, Lâm Đồng', N'44 Yersin, Phường 10, Thành phố Đà Lạt, Lâm Đồng', '123456258046', N'Lương Văn Đoàn', '123452670171', N'Phạm Ngọc Yến Nhi');

INSERT INTO KHAISINH(MaKS, Ten, NgaySinh, NgayDangKy , GioiTinh, DanToc, QuocTich, NoiSinh, QueQuan, CCCDCha, TenCha, CCCDMe, TenMe) VALUES('123455310749' , N'Nguyễn Tạ Thùy Dương', '1999-02-24','1999-02-24', 'f', N'Việt Nam', N'', N'89 Đường Hai Bà Trưng, Phường 6, Thành phố Đà Lạt, Lâm Đồng', N'89 Đường Hai Bà Trưng, Phường 6, Thành phố Đà Lạt, Lâm Đồng', '123456905692', N'Nguyễn Thanh Tùng', '123453227638', N'Tạ Thị Ngọc Ánh');
INSERT INTO KHAISINH(MaKS, Ten, NgaySinh, NgayDangKy , GioiTinh, DanToc, QuocTich, NoiSinh, QueQuan, CCCDCha, TenCha, CCCDMe, TenMe) VALUES('123451543935' , N'Nguyễn Ngọc Hải', '2001-12-04','2001-12-04', 'm', N'', N'Việt Nam', N'89 Đường Hai Bà Trưng, Phường 6, Thành phố Đà Lạt, Lâm Đồng', N'89 Đường Hai Bà Trưng, Phường 6, Thành phố Đà Lạt, Lâm Đồng', '123456905692', N'Nguyễn Thanh Tùng', '123453227638', N'Tạ Thị Ngọc Ánh');

INSERT INTO KHAISINH(MaKS, Ten, NgaySinh, NgayDangKy , GioiTinh, DanToc, QuocTich, NoiSinh, QueQuan, CCCDCha, TenCha, CCCDMe, TenMe) VALUES('123453504171' , N'Nguyễn Tường Thái', '1992-12-12','1992-12-12', 'm', N'', N'Việt Nam', N'109 Yersin, Phường 10, Thành phố Đà Lạt, Lâm Đồng', N'109 Yersin, Phường 10, Thành phố Đà Lạt, Lâm Đồng', '123456911319', N'Nguyễn Tường An', '123454802500', N'Nguyễn Thanh Huyền');
INSERT INTO KHAISINH(MaKS, Ten, NgaySinh, NgayDangKy , GioiTinh, DanToc, QuocTich, NoiSinh, QueQuan, CCCDCha, TenCha, CCCDMe, TenMe) VALUES('123454295845' , N'Nguyễn Thanh Thảo', '1996-10-29','1996-10-29', 'f', N'', N'Việt Nam', N'109 Yersin, Phường 10, Thành phố Đà Lạt, Lâm Đồng', N'109 Yersin, Phường 10, Thành phố Đà Lạt, Lâm Đồng', '123456911319', N'Nguyễn Tường An', '123454802500', N'Nguyễn Thanh Huyền');

INSERT INTO KHAISINH(MaKS, Ten, NgaySinh, NgayDangKy , GioiTinh, DanToc, QuocTich, NoiSinh, QueQuan, CCCDCha, TenCha, CCCDMe, TenMe) VALUES('123458275956' , N'Hoàng Vũ Thái Bảo', '1995-05-24','1995-05-24', 'm', N'', N'Việt Nam', N'14b Đường Đống Đa, Phường 3, Thành phố Đà Lạt, Lâm Đồng', N'14b Đường Đống Đa, Phường 3, Thành phố Đà Lạt, Lâm Đồng', '123456070668', N'Hoàng Minh Thuấn', '123457954765', N'Vũ Thúy Hường');
INSERT INTO KHAISINH(MaKS, Ten, NgaySinh, NgayDangKy , GioiTinh, DanToc, QuocTich, NoiSinh, QueQuan, CCCDCha, TenCha, CCCDMe, TenMe) VALUES('123453835919' , N'Hoàng Mai Thảo', '1999-10-26','1999-10-26', 'f', N'', N'Việt Nam', N'14b Đường Đống Đa, Phường 3, Thành phố Đà Lạt, Lâm Đồng', N'14b Đường Đống Đa, Phường 3, Thành phố Đà Lạt, Lâm Đồng', '123456070668', N'Hoàng Minh Thuấn', '123457954765', N'Vũ Thúy Hường');

INSERT INTO KHAISINH(MaKS, Ten, NgaySinh, NgayDangKy , GioiTinh, DanToc, QuocTich, NoiSinh, QueQuan, CCCDCha, TenCha, CCCDMe, TenMe) VALUES('123456103132' , N'Nguyễn Thị Hà Phương', '2000-12-24','2000-12-24', 'f', N'', N'Việt Nam', N'7b Hoàng Hoa Thám, Phường 10, Thành phố Đà Lạt, Lâm Đồng', N'7b Hoàng Hoa Thám, Phường 10, Thành phố Đà Lạt, Lâm Đồng', '123453501020', N'Nguyễn Hoàng Thái Long', '123455630246', N'Lê Thị Phương Thảo');
INSERT INTO KHAISINH(MaKS, Ten, NgaySinh, NgayDangKy , GioiTinh, DanToc, QuocTich, NoiSinh, QueQuan, CCCDCha, TenCha, CCCDMe, TenMe) VALUES('123453939781' , N'Nguyễn Lê Thanh Thảo', '2001-12-05','2001-12-05', 'f', N'', N'Việt Nam', N'7b Hoàng Hoa Thám, Phường 10, Thành phố Đà Lạt, Lâm Đồng', N'7b Hoàng Hoa Thám, Phường 10, Thành phố Đà Lạt, Lâm Đồng', '123453501020', N'Nguyễn Hoàng Thái Long', '123455630246', N'Lê Thị Phương Thảo');

INSERT INTO KHAISINH(MaKS, Ten, NgaySinh, NgayDangKy , GioiTinh, DanToc, QuocTich, NoiSinh, QueQuan, CCCDCha, TenCha, CCCDMe, TenMe) VALUES('123455924163' , N'Mai Ngọc Linh', '1989-04-23','1989-04-23', 'f', N'', N'Việt Nam', N'Đường số 1, Khu Công Nghiệp Đông Xuyên, Vũng Tàu, Bà Rịa - Vũng Tàu', N'Đường số 1, Khu Công Nghiệp Đông Xuyên, Vũng Tàu, Bà Rịa - Vũng Tàu', '123452282228', N'Mai Anh Lâm', '123456343485', N'Trương Ngọc Ánh');
INSERT INTO KHAISINH(MaKS, Ten, NgaySinh, NgayDangKy , GioiTinh, DanToc, QuocTich, NoiSinh, QueQuan, CCCDCha, TenCha, CCCDMe, TenMe) VALUES('123458458935' , N'Mai Trương Sơn', '1995-12-11','1995-12-11', 'm', N'', N'Việt Nam', N'Đường số 1, Khu Công Nghiệp Đông Xuyên, Vũng Tàu, Bà Rịa - Vũng Tàu', N'Đường số 1, Khu Công Nghiệp Đông Xuyên, Vũng Tàu, Bà Rịa - Vũng Tàu', '123452282228', N'Mai Anh Lâm', '123456343485', N'Trương Ngọc Ánh');

INSERT INTO KHAISINH(MaKS, Ten, NgaySinh, NgayDangKy , GioiTinh, DanToc, QuocTich, NoiSinh, QueQuan, CCCDCha, TenCha, CCCDMe, TenMe) VALUES('123456351850' , N'Hà Nguyễn Bảo Ngọc', '1993-08-23','1993-08-23', 'f', N'', N'Việt Nam', N'115 Trần Phú, Phường 5, Thành phố Vũng Tầu, Bà Rịa - Vũng Tàu', N'115 Trần Phú, Phường 5, Thành phố Vũng Tầu, Bà Rịa - Vũng Tàu', '123458021443', N'Hà Thái Sơn', '123456826257', N'Nguyễn Nhi');
INSERT INTO KHAISINH(MaKS, Ten, NgaySinh, NgayDangKy , GioiTinh, DanToc, QuocTich, NoiSinh, QueQuan, CCCDCha, TenCha, CCCDMe, TenMe) VALUES('123451465594' , N'Hà Thái Tuấn', '1998-07-28','1998-07-28', 'm', N'', N'Việt Nam', N'115 Trần Phú, Phường 5, Thành phố Vũng Tầu, Bà Rịa - Vũng Tàu', N'115 Trần Phú, Phường 5, Thành phố Vũng Tầu, Bà Rịa - Vũng Tàu', '123458021443', N'Hà Thái Sơn', '123456826257', N'Nguyễn Nhi');

INSERT INTO KHAISINH(MaKS, Ten, NgaySinh, NgayDangKy , GioiTinh, DanToc, QuocTich, NoiSinh, QueQuan, CCCDCha, TenCha, CCCDMe, TenMe) VALUES('123451404548' , N'Hoàng Lê Trâm', '1992-09-24','1992-09-24', 'f', N'', N'Việt Nam', N'15 Đường Thi Sách, Thắng Tam, Thành phố Vũng Tầu, Bà Rịa - Vũng Tàu', N'15 Đường Thi Sách, Thắng Tam, Thành phố Vũng Tầu, Bà Rịa - Vũng Tàu', '123456633676', N'Hoàng Đức', '123456352174', N'Nguyễn Lê Thanh Vân');
INSERT INTO KHAISINH(MaKS, Ten, NgaySinh, NgayDangKy , GioiTinh, DanToc, QuocTich, NoiSinh, QueQuan, CCCDCha, TenCha, CCCDMe, TenMe) VALUES('123452156902' , N'Hoàng Gia Bảo', '1997-04-21','1997-04-21', 'm', N'', N'Việt Nam', N'15 Đường Thi Sách, Thắng Tam, Thành phố Vũng Tầu, Bà Rịa - Vũng Tàu', N'15 Đường Thi Sách, Thắng Tam, Thành phố Vũng Tầu, Bà Rịa - Vũng Tàu', '123456633676', N'Hoàng Đức', '123456352174', N'Nguyễn Lê Thanh Vân');

INSERT INTO KHAISINH(MaKS, Ten, NgaySinh, NgayDangKy , GioiTinh, DanToc, QuocTich, NoiSinh, QueQuan, CCCDCha, TenCha, CCCDMe, TenMe) VALUES('123452124610' , N'Trần Huỳnh Bảo Trinh', '1993-05-24','1993-05-24', 'f', N'', N'Việt Nam', N'11 Cách Mạng Tháng Tám, Long Hương, Bà Rịa, Bà Rịa - Vũng Tàu', N'11 Cách Mạng Tháng Tám, Long Hương, Bà Rịa, Bà Rịa - Vũng Tàu', '123451375791', N'Trần Thái Kiên', '123455407177', N'Huỳnh Bảo Trúc');
INSERT INTO KHAISINH(MaKS, Ten, NgaySinh, NgayDangKy , GioiTinh, DanToc, QuocTich, NoiSinh, QueQuan, CCCDCha, TenCha, CCCDMe, TenMe) VALUES('123459928084' , N'Trần Thái Hùng', '1998-12-10','1998-12-10', 'm', N'', N'Việt Nam', N'11 Cách Mạng Tháng Tám, Long Hương, Bà Rịa, Bà Rịa - Vũng Tàu', N'11 Cách Mạng Tháng Tám, Long Hương, Bà Rịa, Bà Rịa - Vũng Tàu', '123451375791', N'Trần Thái Kiên', '123455407177', N'Huỳnh Bảo Trúc');

INSERT INTO KHAISINH(MaKS, Ten, NgaySinh, NgayDangKy , GioiTinh, DanToc, QuocTich, NoiSinh, QueQuan, CCCDCha, TenCha, CCCDMe, TenMe) VALUES('123458835566' , N'Hồ Nguyễn Phương Trang', '1900-10-12','1900-10-12', 'f', N'', N'Việt Nam', N'642 Cách Mạng Tháng Tám, Phước Trung, Bà Rịa, Bà Rịa - Vũng Tàu', N'642 Cách Mạng Tháng Tám, Phước Trung, Bà Rịa, Bà Rịa - Vũng Tàu', '123457884830', N'Hồ Hoàng Việt', '123455126924', N'Nguyễn Thu Hiền');
INSERT INTO KHAISINH(MaKS, Ten, NgaySinh, NgayDangKy , GioiTinh, DanToc, QuocTich, NoiSinh, QueQuan, CCCDCha, TenCha, CCCDMe, TenMe) VALUES('123451800010' , N'Nguyễn Thu Thảo', '1992-05-20','1992-05-20', 'f', N'', N'Việt Nam', N'642 Cách Mạng Tháng Tám, Phước Trung, Bà Rịa, Bà Rịa - Vũng Tàu', N'642 Cách Mạng Tháng Tám, Phước Trung, Bà Rịa, Bà Rịa - Vũng Tàu', '123457884830', N'Hồ Hoàng Việt', '123455126924', N'Nguyễn Thu Hiền');

INSERT INTO KHAISINH(MaKS, Ten, NgaySinh, NgayDangKy , GioiTinh, DanToc, QuocTich, NoiSinh, QueQuan, CCCDCha, TenCha, CCCDMe, TenMe) VALUES('123451970602' , N'Trần Quang Diệu', '1991-06-28','1991-06-28', 'm', N'', N'Việt Nam', N'21 Nguyễn Công Trứ, Phường 19, Bình Thạnh, Thành phố Hồ Chí Minh', N'21 Nguyễn Công Trứ, Phường 19, Bình Thạnh, Thành phố Hồ Chí Minh', '123451636916', N'Trần Quang Sơn', '123457542705', N'Trần Thị Thanh Hương');
INSERT INTO KHAISINH(MaKS, Ten, NgaySinh, NgayDangKy , GioiTinh, DanToc, QuocTich, NoiSinh, QueQuan, CCCDCha, TenCha, CCCDMe, TenMe) VALUES('123454931410' , N'Trần Thái Ngọc', '1995-02-14','1995-02-14', 'm', N'', N'Việt Nam', N'21 Nguyễn Công Trứ, Phường 19, Bình Thạnh, Thành phố Hồ Chí Minh', N'21 Nguyễn Công Trứ, Phường 19, Bình Thạnh, Thành phố Hồ Chí Minh', '123451636916', N'Trần Quang Sơn', '123457542705', N'Trần Thị Thanh Hương');

INSERT INTO KHAISINH(MaKS, Ten, NgaySinh, NgayDangKy , GioiTinh, DanToc, QuocTich, NoiSinh, QueQuan, CCCDCha, TenCha, CCCDMe, TenMe) VALUES('123452276107' , N'Đinh Ngọc Trang', '1989-05-20','1989-05-20', 'f', N'', N'Việt Nam', N'175 Điện Biên Phủ, Phường 6, Quận 3, Thành phố Hồ Chí Minh', N'175 Điện Biên Phủ, Phường 6, Quận 3, Thành phố Hồ Chí Minh', '123458842061', N'Đinh Tấn Trung', '123453945901', N'Nguyễn Ngọc Hân');
INSERT INTO KHAISINH(MaKS, Ten, NgaySinh, NgayDangKy , GioiTinh, DanToc, QuocTich, NoiSinh, QueQuan, CCCDCha, TenCha, CCCDMe, TenMe) VALUES('123458282868' , N'Đinh Thái Anh', '1997-12-27','1997-12-27', 'm', N'', N'Việt Nam', N'175 Điện Biên Phủ, Phường 6, Quận 3, Thành phố Hồ Chí Minh', N'175 Điện Biên Phủ, Phường 6, Quận 3, Thành phố Hồ Chí Minh', '123458842061', N'Đinh Tấn Trung', '123453945901', N'Nguyễn Ngọc Hân');

INSERT INTO KHAISINH(MaKS, Ten, NgaySinh, NgayDangKy , GioiTinh, DanToc, QuocTich, NoiSinh, QueQuan, CCCDCha, TenCha, CCCDMe, TenMe) VALUES('123459230024' , N'Nguyễn Lê Hoàng', '1990-04-30','1990-04-30', 'm', N'', N'Việt Nam', N'52 Hồ Thị Kỷ, Phường 1, Quận 10, Thành phố Hồ Chí MinH', N'52 Hồ Thị Kỷ, Phường 1, Quận 10, Thành phố Hồ Chí MinH', '123455578377', N'Nguyễn Quang Thanh', '123456156970', N'Lê Bảo Hân');
INSERT INTO KHAISINH(MaKS, Ten, NgaySinh, NgayDangKy , GioiTinh, DanToc, QuocTich, NoiSinh, QueQuan, CCCDCha, TenCha, CCCDMe, TenMe) VALUES('123452002438' , N'Nguyễn Lê Trinh', '1995-09-15','1995-09-15', 'f', N'', N'Việt Nam', N'52 Hồ Thị Kỷ, Phường 1, Quận 10, Thành phố Hồ Chí MinH', N'52 Hồ Thị Kỷ, Phường 1, Quận 10, Thành phố Hồ Chí MinH', '123455578377', N'Nguyễn Quang Thanh', '123456156970', N'Lê Bảo Hân');

INSERT INTO KHAISINH(MaKS, Ten, NgaySinh, NgayDangKy , GioiTinh, DanToc, QuocTich, NoiSinh, QueQuan, CCCDCha, TenCha, CCCDMe, TenMe) VALUES('123452218426' , N'Vũ Hoàng Ngọc', '1994-04-27','1994-04-27', 'm', N'', N'Việt Nam', N'79a Trần Quang Cơ, Phú Thạnh, Tân Phú, Thành phố Hồ Chí Minh', N'79a Trần Quang Cơ, Phú Thạnh, Tân Phú, Thành phố Hồ Chí Minh', '123452008249', N'Vũ Đình Trung Đức', '123453153904', N'Hoàng Thu Thảo');
INSERT INTO KHAISINH(MaKS, Ten, NgaySinh, NgayDangKy , GioiTinh, DanToc, QuocTich, NoiSinh, QueQuan, CCCDCha, TenCha, CCCDMe, TenMe) VALUES('123459098464' , N'Vũ Đình Thái', '1999-12-05','1999-12-05', 'm', N'', N'Việt Nam', N'79a Trần Quang Cơ, Phú Thạnh, Tân Phú, Thành phố Hồ Chí Minh', N'79a Trần Quang Cơ, Phú Thạnh, Tân Phú, Thành phố Hồ Chí Minh', '123452008249', N'Vũ Đình Trung Đức', '123453153904', N'Hoàng Thu Thảo');

INSERT INTO KHAISINH(MaKS, Ten, NgaySinh, NgayDangKy , GioiTinh, DanToc, QuocTich, NoiSinh, QueQuan, CCCDCha, TenCha, CCCDMe, TenMe) VALUES('123459421191' , N'Phạm Kiều Linh', '2001-05-28','2001-05-28', 'f', N'', N'Việt Nam', N'172 Phan Văn Hớn, Tân Thới Nhất, Quận 12, Thành phố Hồ Chí Minh', N'172 Phan Văn Hớn, Tân Thới Nhất, Quận 12, Thành phố Hồ Chí Minh', '123458882701', N'Phạm Thái Sơn', '123457101856', N'Nguyễn Thị Như Huyền');
INSERT INTO KHAISINH(MaKS, Ten, NgaySinh, NgayDangKy , GioiTinh, DanToc, QuocTich, NoiSinh, QueQuan, CCCDCha, TenCha, CCCDMe, TenMe) VALUES('123456673290' , N'Phạm Nguyễn Kiều Lê', '2003-08-19','2003-08-19', 'f', N'', N'Việt Nam', N'172 Phan Văn Hớn, Tân Thới Nhất, Quận 12, Thành phố Hồ Chí Minh', N'172 Phan Văn Hớn, Tân Thới Nhất, Quận 12, Thành phố Hồ Chí Minh', '123458882701', N'Phạm Thái Sơn', '123457101856', N'Nguyễn Thị Như Huyền');


GO

CREATE TABLE THUE
(	MaThue VARCHAR(15) PRIMARY KEY,
	CCCD VARCHAR(15),
	SoTienCanNop VARCHAR(20),
	SoTienDaNop VARCHAR(30),
	NgayCap DATE,
	HanNop DATE,
	FOREIGN KEY (CCCD) REFERENCES CCCD(MaCCCD)
);

GO

INSERT INTO THUE(MaThue, CCCD, SoTienCanNop, SoTienDaNop, NgayCap, HanNop) VALUES('000001','123456511134', '25650000','12000000', '2023-01-02', '2025-01-02');
INSERT INTO THUE(MaThue, CCCD, SoTienCanNop, SoTienDaNop, NgayCap, HanNop) VALUES('000002','123459928084', '5630000','0', '2023-06-01', '2023-06-01');
INSERT INTO THUE(MaThue, CCCD, SoTienCanNop, SoTienDaNop, NgayCap, HanNop) VALUES('000003','123456628675', '12630000','0', '2021-11-25', '2023-11-25');
INSERT INTO THUE(MaThue, CCCD, SoTienCanNop, SoTienDaNop, NgayCap, HanNop) VALUES('000004','123452990252', '156000000','100000000', '2023-07-01', '2025-07-01');
INSERT INTO THUE(MaThue, CCCD, SoTienCanNop, SoTienDaNop, NgayCap, HanNop) VALUES('000005','123457281508', '5300000','0', '2023-04-12', '2025-04-12');
INSERT INTO THUE(MaThue, CCCD, SoTienCanNop, SoTienDaNop, NgayCap, HanNop) VALUES('000006','123451416478', '2300000','0', '2023-03-23', '2025-03-23');
INSERT INTO THUE(MaThue, CCCD, SoTienCanNop, SoTienDaNop, NgayCap, HanNop) VALUES('000007','123453227638', '1460000','0', '2023-05-06', '2025-05-06');
INSERT INTO THUE(MaThue, CCCD, SoTienCanNop, SoTienDaNop, NgayCap, HanNop) VALUES('000008','123456070668', '3400000','1000000', '2022-12-15', '2024-12-15');
INSERT INTO THUE(MaThue, CCCD, SoTienCanNop, SoTienDaNop, NgayCap, HanNop) VALUES('000009','123455630246', '2650000','2000000', '2023-03-05', '2025-03-05');
INSERT INTO THUE(MaThue, CCCD, SoTienCanNop, SoTienDaNop, NgayCap, HanNop) VALUES('000010','123458842061', '3400000','1500000', '2023-01-02', '2025-01-02');
INSERT INTO THUE(MaThue, CCCD, SoTienCanNop, SoTienDaNop, NgayCap, HanNop) VALUES('000011','123453153904', '5300000','2500000', '2023-01-06', '2025-01-06');
INSERT INTO THUE(MaThue, CCCD, SoTienCanNop, SoTienDaNop, NgayCap, HanNop) VALUES('000012','123458882701', '1300000','600000', '2023-04-07', '2025-04-07');
INSERT INTO THUE(MaThue, CCCD, SoTienCanNop, SoTienDaNop, NgayCap, HanNop) VALUES('000013','123457542705', '2300000','1000000', '2022-12-15', '2024-12-15');
INSERT INTO THUE(MaThue, CCCD, SoTienCanNop, SoTienDaNop, NgayCap, HanNop) VALUES('000014','123457884830', '1900000','1000000', '2022-05-01', '2024-05-01');
INSERT INTO THUE(MaThue, CCCD, SoTienCanNop, SoTienDaNop, NgayCap, HanNop) VALUES('000015','123452124610', '18900000','5000000', '2023-01-04', '2025-01-04');
INSERT INTO THUE(MaThue, CCCD, SoTienCanNop, SoTienDaNop, NgayCap, HanNop) VALUES('000016','123458458935', '16500000','7000000', '2021-11-30', '2023-11-30');
INSERT INTO THUE(MaThue, CCCD, SoTienCanNop, SoTienDaNop, NgayCap, HanNop) VALUES('000017','123453939781', '32650000','15000000', '2022-07-05', '2024-07-05');
INSERT INTO THUE(MaThue, CCCD, SoTienCanNop, SoTienDaNop, NgayCap, HanNop) VALUES('000021','123451636916', '23500000','15000000', '2023-05-01', '2024-05-01');
GO

CREATE TABLE HONNHAN
(
	MaHonNhan VARCHAR(15) PRIMARY KEY,
	CCCDNam VARCHAR(15),
	TenNam NVARCHAR(30),
	CCCDNu VARCHAR(15),
	TenNu NVARCHAR(30),
	NoiDangKy NVARCHAR(100),
	NgayDangKy DATE,
	FOREIGN KEY (CCCDNam) REFERENCES CCCD(MaCCCD),
	FOREIGN KEY (CCCDNu) REFERENCES CCCD(MaCCCD)
);

GO

INSERT INTO HONNHAN(MaHonNhan, CCCDNam, TenNam, CCCDNu, TenNu, NoiDangKy, NgayDangKy) VALUES('000001','123456346206' , N'Nguyễn Văn Khoa','123456230368',N'Trần Thị Loan',N'535 Xô Viết Nghệ Tĩnh, Phường 25, Quận Bình Thạnh, Hồ Chí Minh','2018-10-26');
INSERT INTO HONNHAN(MaHonNhan, CCCDNam, TenNam, CCCDNu, TenNu, NoiDangKy, NgayDangKy) VALUES('000002','123456759177' , N'Trịnh Hoàng Bảo','123456299748', N'Đinh Thị TrinH',N'535 Xô Viết Nghệ Tĩnh, Phường 25, Quận Bình Thạnh, Hồ Chí Minh','2029-10-10');
INSERT INTO HONNHAN(MaHonNhan, CCCDNam, TenNam, CCCDNu, TenNu, NoiDangKy, NgayDangKy) VALUES('000003','123456942224' , N'Nguyễn Thái Luyện','123456666088' , N'Nguyễn Tuyết Nhi',N'15 Xuân Thủy, Thảo Điền, Quận 2, Hồ Chí Minh','2021-11-10');
INSERT INTO HONNHAN(MaHonNhan, CCCDNam, TenNam, CCCDNu, TenNu, NoiDangKy, NgayDangKy) VALUES('000004','123456783160' , N'Trần Thanh Bạch','123456246366' , N'Trương Thị Tuyết',N'15 Xuân Thủy, Thảo Điền, Quận 2, Hồ Chí Minh','2018-05-06');
INSERT INTO HONNHAN(MaHonNhan, CCCDNam, TenNam, CCCDNu, TenNu, NoiDangKy, NgayDangKy) VALUES('000005','123456520007' , N'Phan Gia Hào','123456724577',N'Phan Cẩm Thảo' , N'30 Nguyễn Du, Phường Trần Hưng Đạo, Quận Hai Bà Trưng, Hà Nộih','2018-05-06');
INSERT INTO HONNHAN(MaHonNhan, CCCDNam, TenNam, CCCDNu, TenNu, NoiDangKy, NgayDangKy) VALUES('000006','123456875520' , N'Trương Công Bằng','123456201381' , N'Nguyễn Thị Bích',N'15 Xuân Thủy, Thảo Điền, Quận 2, Hồ Chí Minh','2018-05-06');
INSERT INTO HONNHAN(MaHonNhan, CCCDNam, TenNam, CCCDNu, TenNu, NoiDangKy, NgayDangKy) VALUES('000007','123458719629' , N'Trần Anh Tuấn','123452990252' , N'Huỳnh Thảo Vy' ,N'535 Xô Viết Nghệ Tĩnh, Phường 25, Quận Bình Thạnh, Hồ Chí Minh','2020-06-01');
INSERT INTO HONNHAN(MaHonNhan, CCCDNam, TenNam, CCCDNu, TenNu, NoiDangKy, NgayDangKy) VALUES('000008','123451302609' , N'Lê Văn Hiếu','123457353223' , N'Lê Bích Ngọc' ,N'15 Xuân Thủy, Thảo Điền, Quận 2, Hồ Chí Minh' ,'2020-06-01');
INSERT INTO HONNHAN(MaHonNhan, CCCDNam, TenNam, CCCDNu, TenNu, NoiDangKy, NgayDangKy) VALUES('000009','123457281508' , N'Bùi Văn Đức','123455303029' , N'Phạm Diệu Linh' ,N'535 Xô Viết Nghệ Tĩnh, Phường 25, Quận Bình Thạnh, Hồ Chí Minh','2020-06-01');
INSERT INTO HONNHAN(MaHonNhan, CCCDNam, TenNam, CCCDNu, TenNu, NoiDangKy, NgayDangKy) VALUES('000010','123456628675' , N'Phí Văn Nam','123451416478' , N'Phan Anh Thư' ,N'535 Xô Viết Nghệ Tĩnh, Phường 25, Quận Bình Thạnh, Hồ Chí Minh','2020-06-01');
INSERT INTO HONNHAN(MaHonNhan, CCCDNam, TenNam, CCCDNu, TenNu, NoiDangKy, NgayDangKy) VALUES('000011','123456258046' , N'Lương Văn Đoàn','123452670171' , N'Phạm Ngọc Yến Nhi' ,N'535 Xô Viết Nghệ Tĩnh, Phường 25, Quận Bình Thạnh, Hồ Chí Minh','2020-06-01');
INSERT INTO HONNHAN(MaHonNhan, CCCDNam, TenNam, CCCDNu, TenNu, NoiDangKy, NgayDangKy) VALUES('000012','123456905692' , N'Nguyễn Thanh Tùng','123453227638' , N'Tạ Thị Ngọc Ánh' ,N'535 Xô Viết Nghệ Tĩnh, Phường 25, Quận Bình Thạnh, Hồ Chí Minh','2020-06-01');
INSERT INTO HONNHAN(MaHonNhan, CCCDNam, TenNam, CCCDNu, TenNu, NoiDangKy, NgayDangKy) VALUES('000013','123456911319' , N'Nguyễn Tường Anh','123454802500' , N'Nguyễn Thanh Huyền' ,N'535 Xô Viết Nghệ Tĩnh, Phường 25, Quận Bình Thạnh, Hồ Chí Minh','2020-06-01');
INSERT INTO HONNHAN(MaHonNhan, CCCDNam, TenNam, CCCDNu, TenNu, NoiDangKy, NgayDangKy) VALUES('000014','123456070668' , N'Hoàng Minh Thuấn','123457954765' , N'Vũ Thúy Hường' ,N'535 Xô Viết Nghệ Tĩnh, Phường 25, Quận Bình Thạnh, Hồ Chí Minh','2020-06-01');
INSERT INTO HONNHAN(MaHonNhan, CCCDNam, TenNam, CCCDNu, TenNu, NoiDangKy, NgayDangKy) VALUES('000015','123453501020' , N'Nguyễn Hoàng Thái Long','123455630246' , N'Lê Thị Phương Thảo' ,N'535 Xô Viết Nghệ Tĩnh, Phường 25, Quận Bình Thạnh, Hồ Chí Minh','2020-06-01');
INSERT INTO HONNHAN(MaHonNhan, CCCDNam, TenNam, CCCDNu, TenNu, NoiDangKy, NgayDangKy) VALUES('000016','123452282228' , N'Mai Anh Lâm','123456343485' , N'Trương Ngọc Ánh' ,N'535 Xô Viết Nghệ Tĩnh, Phường 25, Quận Bình Thạnh, Hồ Chí Minh','2020-06-01');
INSERT INTO HONNHAN(MaHonNhan, CCCDNam, TenNam, CCCDNu, TenNu, NoiDangKy, NgayDangKy) VALUES('000017','123458021443' , N'Hà Thái Sơn','123456826257' , N'Nguyễn Nhi' ,N'535 Xô Viết Nghệ Tĩnh, Phường 25, Quận Bình Thạnh, Hồ Chí Minh','2021-01-06');
INSERT INTO HONNHAN(MaHonNhan, CCCDNam, TenNam, CCCDNu, TenNu, NoiDangKy, NgayDangKy) VALUES('000018','123456633676' , N'Hoàng Đức','123456352174' , N'Nguyễn Lê Thanh Vân' ,N'535 Xô Viết Nghệ Tĩnh, Phường 25, Quận Bình Thạnh, Hồ Chí Minh','2021-01-06');
INSERT INTO HONNHAN(MaHonNhan, CCCDNam, TenNam, CCCDNu, TenNu, NoiDangKy, NgayDangKy) VALUES('000019','123451375791' , N'Trần Thái Kiên','123455407177' , N'Huỳnh Bảo Trúc' ,N'535 Xô Viết Nghệ Tĩnh, Phường 25, Quận Bình Thạnh, Hồ Chí Minh','2021-01-06');
INSERT INTO HONNHAN(MaHonNhan, CCCDNam, TenNam, CCCDNu, TenNu, NoiDangKy, NgayDangKy) VALUES('000020','123457884830' , N'Hồ Hoàng Việt','123455126924' , N'Nguyễn Thu Hiền' ,N'535 Xô Viết Nghệ Tĩnh, Phường 25, Quận Bình Thạnh, Hồ Chí Minh','2021-01-06');
INSERT INTO HONNHAN(MaHonNhan, CCCDNam, TenNam, CCCDNu, TenNu, NoiDangKy, NgayDangKy) VALUES('000021','123451636916' , N'Trần Quang Sơn','123457542705' , N'Trần Thị Thanh Hương' ,N'535 Xô Viết Nghệ Tĩnh, Phường 25, Quận Bình Thạnh, Hồ Chí Minh','2021-01-06');
INSERT INTO HONNHAN(MaHonNhan, CCCDNam, TenNam, CCCDNu, TenNu, NoiDangKy, NgayDangKy) VALUES('000022','123458842061' , N'Đinh Tấn Trung','123453945901' , N'Nguyễn Ngọc Hân' ,N'535 Xô Viết Nghệ Tĩnh, Phường 25, Quận Bình Thạnh, Hồ Chí Minh','2021-01-06');
INSERT INTO HONNHAN(MaHonNhan, CCCDNam, TenNam, CCCDNu, TenNu, NoiDangKy, NgayDangKy) VALUES('000023','123455578377' , N'Nguyễn Quang Thanh','123456156970' , N'Lê Bảo Hân' ,N'535 Xô Viết Nghệ Tĩnh, Phường 25, Quận Bình Thạnh, Hồ Chí Minh','2021-01-06');
INSERT INTO HONNHAN(MaHonNhan, CCCDNam, TenNam, CCCDNu, TenNu, NoiDangKy, NgayDangKy) VALUES('000024','123452008249' , N'Vũ Đình Trung Đức','123453153904' , N'Hoàng Thu Thảo' ,N'535 Xô Viết Nghệ Tĩnh, Phường 25, Quận Bình Thạnh, Hồ Chí Minh','2021-01-06');
INSERT INTO HONNHAN(MaHonNhan, CCCDNam, TenNam, CCCDNu, TenNu, NoiDangKy, NgayDangKy) VALUES('000025','123458882701' , N'Phạm Thái Sơn','123457101856' , N'Nguyễn Thị Như Huyền' ,N'535 Xô Viết Nghệ Tĩnh, Phường 25, Quận Bình Thạnh, Hồ Chí Minh','2021-01-06');



GO
INSERT INTO HOKHAU(MaHK,DiaChi,CCCDChuHo) VALUES('00000A',N'Chưa nhập hộ', '000000000000');
INSERT INTO HOKHAU(MaHK,DiaChi,CCCDChuHo) VALUES('00000B',N'Tạm trú', '000000000001');
GO

CREATE TABLE ACCOUNT(
UserName VARCHAR(20) PRIMARY KEY,
StrPassword VARCHAR(25),
QuyenTruyCap int,
DisplayName NVARCHAR(30)
);


INSERT INTO HOKHAU(MaHK,DiaChi,CCCDChuHo) VALUES('100000',N'300 Xô Viết Nghệ Tĩnh, Phường 26, Quận Bình Thạnh, Thành phố Hồ Chí Minh', '133456683328');
INSERT INTO HOKHAU(MaHK,DiaChi,CCCDChuHo) VALUES('200000',N'600 Nguyễn Tri Phương, Phường 16, Quận Bình Thạnh, Thành phố Hồ Chí Minh', '133456246279');
INSERT INTO HOKHAU(MaHK,DiaChi,CCCDChuHo) VALUES('300000',N'172 Trần Quang Cơ, Phú Thạnh, Tân Phú, Thành phố Hồ Chí Minh', '133456215469');
INSERT INTO HOKHAU(MaHK,DiaChi,CCCDChuHo) VALUES('400000',N'365 Điện Biên Phủ, Phường 6, Quận 3, Thành phố Hồ Chí Minh', '133456365976');

INSERT INTO CONGDAN(CCCD,Ten,NgheNghiep,SDT,TonGiao,MaHK,QuanHeVoiChuHo) VALUES ('133456683328' , N'Trần Thanh Thảo', N'Buôn bán', '0391869327', N'Chúa', '100000', N'Chủ Hộ');
INSERT INTO CONGDAN(CCCD,Ten,NgheNghiep,SDT,TonGiao,MaHK,QuanHeVoiChuHo) VALUES ('133458470357' , N'Hoàng Mạnh Kha', N'Buôn bán', '0391883627', N'Chúa', '100000', N'Chồng');
INSERT INTO CONGDAN(CCCD,Ten,NgheNghiep,SDT,TonGiao,MaHK,QuanHeVoiChuHo) VALUES ('133456321658' , N'Hoàng Thị Tuyền', N'Buôn bán', '0393588307', N'Không', '100000', N'Con gái');
INSERT INTO CONGDAN(CCCD,Ten,NgheNghiep,SDT,TonGiao,MaHK,QuanHeVoiChuHo) VALUES ('123456210444' , N'Hoàng Văn Khải', N'Bác sĩ', '0394808699', N'Chúa', '100000', N'Con trai');

INSERT INTO CONGDAN(CCCD,Ten,NgheNghiep,SDT,TonGiao,MaHK,QuanHeVoiChuHo) VALUES ('133456246279' , N'Nhâm Mạnh Dũng', N'Kinh doanh', '0391974607', N'Không', '200000', N'Chủ Hộ');
INSERT INTO CONGDAN(CCCD,Ten,NgheNghiep,SDT,TonGiao,MaHK,QuanHeVoiChuHo) VALUES ('133456245893' , N'Nhâm Mạnh Toàn', N'Kinh doanh', '0391915687', N'Không', '200000', N'Con trai');

INSERT INTO CONGDAN(CCCD,Ten,NgheNghiep,SDT,TonGiao,MaHK,QuanHeVoiChuHo) VALUES ('133456215469' , N'Trần Thảo Huyền', N'Kế toán', '0391108362', N'Chúa', '300000', N'Chủ Hộ');
INSERT INTO CONGDAN(CCCD,Ten,NgheNghiep,SDT,TonGiao,MaHK,QuanHeVoiChuHo) VALUES ('133456215422' , N'Trần Hoàng Hảo', N'Học sinh', '0391108360', N'Chúa', '300000', N'Con trai');

INSERT INTO CONGDAN(CCCD,Ten,NgheNghiep,SDT,TonGiao,MaHK,QuanHeVoiChuHo) VALUES ('133456365976' , N'Trương Thị Nhung', N'Y Tá', '0391135416', N'Chúa', '400000', N'Chủ Hộ');

INSERT INTO CCCD(MaCCCD, DacDiem, NgayCap) VALUES('133456683328', N'Thẹo 2cm sóng mũi', '1970-05-02');
INSERT INTO CCCD(MaCCCD, DacDiem, NgayCap) VALUES('133458470357', N'Thẹo 2cm đuôi mắt trái', '1973-06-01');
INSERT INTO CCCD(MaCCCD, DacDiem, NgayCap) VALUES('133456321658', N'Thẹo 1cm đuôi mắt phải', '1997-01-05');
INSERT INTO CCCD(MaCCCD, DacDiem, NgayCap) VALUES('123456210444', N'Nốt ruồi 1cm đuôi mắt trái', '1997-01-10');

INSERT INTO CCCD(MaCCCD, DacDiem, NgayCap) VALUES('133456246279', N'Nốt ruồi 2cm đuôi mắt phải', '1992-07-05');
INSERT INTO CCCD(MaCCCD, DacDiem, NgayCap) VALUES('133456245893', N'Thẹo 1.5cm giữa trán', '2008-01-05');

INSERT INTO CCCD(MaCCCD, DacDiem, NgayCap) VALUES('133456215469', N'Thẹo 2cm đuôi mắt trái', '1994-12-05');
INSERT INTO CCCD(MaCCCD, DacDiem, NgayCap) VALUES('133456215422', N'Thẹo 1cm đuôi mắt trái', '2020-12-05');

INSERT INTO CCCD(MaCCCD, DacDiem, NgayCap) VALUES('133456365976', N'Thẹo 1cm dưới cằm', '1995-07-04');

INSERT INTO KHAISINH(MaKS, Ten, NgaySinh, NgayDangKy , GioiTinh, DanToc, QuocTich, NoiSinh, QueQuan, CCCDCha, TenCha, CCCDMe, TenMe) VALUES('133456683328' , N'Trần Thanh Thảo', '1965-12-06','1965-12-06', 'f', N'Kinh', N'Việt Nam', N'10 Đinh Bộ Lĩnh, Phường 24, Quận Bình Thạnh, Hồ Chí Minh', N'10 Đinh Bộ Lĩnh, Phường 24, Quận Bình Thạnh, Hồ Chí Minh', '123457884830', N'Hồ Hoàng Việt', '123455126924', N'Nguyễn Thu Hiền');
INSERT INTO KHAISINH(MaKS, Ten, NgaySinh, NgayDangKy , GioiTinh, DanToc, QuocTich, NoiSinh, QueQuan, CCCDCha, TenCha, CCCDMe, TenMe) VALUES('133458470357' , N'Hoàng Mạnh Kha', '1967-03-05','1967-03-05', 'm', N'Kinh', N'Việt Nam', N'6 Nguyễn Du, Phường Trần Hưng Đạo, Quận Hai Bà Trưng, Hà Nội', N'6 Nguyễn Du, Phường Trần Hưng Đạo, Quận Hai Bà Trưng, Hà Nội', '123451375791', N'Trần Thái Kiên', '123455407177', N'Huỳnh Bảo Trúc');
INSERT INTO KHAISINH(MaKS, Ten, NgaySinh, NgayDangKy , GioiTinh, DanToc, QuocTich, NoiSinh, QueQuan, CCCDCha, TenCha, CCCDMe, TenMe) VALUES('133456321658' , N'Hoàng Thị Tuyền', '1990-01-07','1990-01-07', 'f', N'Kinh', N'Việt Nam', N'6 Nguyễn Du, Phường Trần Hưng Đạo, Quận Hai Bà Trưng, Hà Nội', N'6 Nguyễn Du, Phường Trần Hưng Đạo, Quận Hai Bà Trưng, Hà Nội', '133458470357', N'Hoàng Mạnh Kha', '133456683328', N'Trần Thanh Thảo');
INSERT INTO KHAISINH(MaKS, Ten, NgaySinh, NgayDangKy , GioiTinh, DanToc, QuocTich, NoiSinh, QueQuan, CCCDCha, TenCha, CCCDMe, TenMe) VALUES('123456210444' , N'Hoàng Văn Khải', '1990-01-07','1991-01-07', 'm', N'Kinh', N'Việt Nam', N'6 Nguyễn Du, Phường Trần Hưng Đạo, Quận Hai Bà Trưng, Hà Nội', N'6 Nguyễn Du, Phường Trần Hưng Đạo, Quận Hai Bà Trưng, Hà Nội', '133458470357', N'Hoàng Mạnh Kha', '133456683328', N'Trần Thanh Thảo');

INSERT INTO KHAISINH(MaKS, Ten, NgaySinh, NgayDangKy , GioiTinh, DanToc, QuocTich, NoiSinh, QueQuan, CCCDCha, TenCha, CCCDMe, TenMe) VALUES('133456246279' , N'Nhâm Mạnh Dũng', '1991-05-03','1991-06-03', 'm', N'Kinh', N'Việt Nam', N'u37 Xuân Thủy, Thảo Điền, Quận 2, Hồ Chí Minh', N'37 Xuân Thủy, Thảo Điền, Quận 2, Hồ Chí Minh', '123458021443', N'Hà Thái Sơn', '123456826257', N'Nguyễn Nhi');
INSERT INTO KHAISINH(MaKS, Ten, NgaySinh, NgayDangKy , GioiTinh, DanToc, QuocTich, NoiSinh, QueQuan, CCCDCha, TenCha, CCCDMe, TenMe) VALUES('133456245893' , N'Nhâm Mạnh Toàn', '2008-01-05','2008-03-02', 'm', N'Kinh', N'Việt Nam', N'37 Xuân Thủy, Thảo Điền, Quận 2, Hồ Chí Minh', N'37 Xuân Thủy, Thảo Điền, Quận 2, Hồ Chí Minh', '133456246279', N'Nhâm Mạnh Dũng', '133456215469', N'Trần Thảo Huyền');

INSERT INTO KHAISINH(MaKS, Ten, NgaySinh, NgayDangKy , GioiTinh, DanToc, QuocTich, NoiSinh, QueQuan, CCCDCha, TenCha, CCCDMe, TenMe) VALUES('133456215469' , N'Trần Thảo Huyền', '1992-06-03','1992-06-03', 'f', N'Kinh', N'Việt Nam', N'636 Tân Kỳ Tân Quý, Phường Sơn Kỳ, Quận Tân Phú, Hồ Chí Minh', N'636 Tân Kỳ Tân Quý, Phường Sơn Kỳ, Quận Tân Phú, Hồ Chí Minh', '123458842061', N'Đinh Tấn Trung', '123453945901', N'Nguyễn Ngọc Hân');
INSERT INTO KHAISINH(MaKS, Ten, NgaySinh, NgayDangKy , GioiTinh, DanToc, QuocTich, NoiSinh, QueQuan, CCCDCha, TenCha, CCCDMe, TenMe) VALUES('133456215422' , N'Trần Hoàng Hảo', '2003-06-03','2003-06-03', 'm', N'Kinh', N'Việt Nam', N'636 Tân Kỳ Tân Quý, Phường Sơn Kỳ, Quận Tân Phú, Hồ Chí Minh', N'636 Tân Kỳ Tân Quý, Phường Sơn Kỳ, Quận Tân Phú, Hồ Chí Minh', '123456210444' , N'Hoàng Văn Khải', '133456215469' , N'Trần Thảo Huyền');

INSERT INTO KHAISINH(MaKS, Ten, NgaySinh, NgayDangKy , GioiTinh, DanToc, QuocTich, NoiSinh, QueQuan, CCCDCha, TenCha, CCCDMe, TenMe) VALUES('133456365976' , N'Trương Thị Nhung', '1993-03-02','1993-03-02', 'f', N'Kinh', N'Việt Nam', N'21 Nguyễn Công Trứ, Phường 19, Bình Thạnh, Thành phố Hồ Chí Minh', N'21 Nguyễn Công Trứ, Phường 19, Bình Thạnh, Thành phố Hồ Chí Minh', '123457884830', N'Hồ Hoàng Việt', '123455126924', N'Nguyễn Thu Hiền');


INSERT INTO HONNHAN(MaHonNhan, CCCDNam, TenNam, CCCDNu, TenNu, NoiDangKy, NgayDangKy) VALUES('100000','133458470357' , N'Hoàng Mạnh Kha','133456683328' , N'Trần Thanh Thảo' ,N'535 Xô Viết Nghệ Tĩnh, Phường 25, Quận Bình Thạnh, Hồ Chí Minh','2002-01-06');



INSERT INTO CONGDAN(CCCD,Ten, SDT, MaHK, QuanHeVoiChuHo) VALUES ('123451348090' , N'Hoàng Việt Pháp', '0485768923', '00000B', N'Tạm trú tại địa phương');
INSERT INTO CCCD(MaCCCD) VALUES('123451348090');
INSERT INTO TAMTRUTAMVANG(MaTTTV, CCCD, DiaChi, NgayBD, NgayKT, TrangThai, LiDo) VALUES('000004','123451348090',N'Tạ Quang Bửu, khu phố 6, phường Linh Trung, Thủ Đức' ,'2022-01-06', '2023-01-06', N'Tạm trú', N'Học đại học' );

INSERT INTO CONGDAN(CCCD,Ten, SDT, MaHK, QuanHeVoiChuHo) VALUES ('123456249932' , N'Nguyễn Thụy Trinh', '0798318513', '00000B', N'Tạm trú tại địa phương');
INSERT INTO CCCD(MaCCCD) VALUES('123456249932');
INSERT INTO TAMTRUTAMVANG(MaTTTV, CCCD, DiaChi, NgayBD, NgayKT, TrangThai, LiDo) VALUES('000005','123456249932',N'Tạ Quang Bửu, khu phố 6, phường Linh Trung, Thủ Đức' ,'2022-01-06', '2022-01-06', N'Tạm trú', N'Học đại học' );

INSERT INTO CONGDAN(CCCD,Ten, SDT, MaHK, QuanHeVoiChuHo) VALUES ('123457670847' , N'Hoàng Khoa', '0188538875', '00000B', N'Tạm trú tại địa phương');
INSERT INTO CCCD(MaCCCD) VALUES('123457670847');
INSERT INTO TAMTRUTAMVANG(MaTTTV, CCCD, DiaChi, NgayBD, NgayKT, TrangThai, LiDo) VALUES('000006','123457670847',N'Tạ Quang Bửu, khu phố 6, phường Linh Trung, Thủ Đức' ,'2022-01-06', '2022-01-06', N'Tạm trú', N'Học đại học' );

INSERT INTO CONGDAN(CCCD,Ten, SDT, MaHK, QuanHeVoiChuHo) VALUES ('123453204795' , N'Khải Xuân Khánh', '0655539366', '00000B', N'Tạm trú tại địa phương');
INSERT INTO CCCD(MaCCCD) VALUES('123453204795');
INSERT INTO TAMTRUTAMVANG(MaTTTV, CCCD, DiaChi, NgayBD, NgayKT, TrangThai, LiDo) VALUES('000007','123453204795',N'Tạ Quang Bửu, khu phố 6, phường Linh Trung, Thủ Đức' ,'2022-06-06', '2023-06-06', N'Tạm trú', N'Học đại học' );

INSERT INTO CONGDAN(CCCD,Ten, SDT, MaHK, QuanHeVoiChuHo) VALUES ('123453963421' , N'Công Thành Danh', '0865354134', '00000B', N'Tạm trú tại địa phương');
INSERT INTO CCCD(MaCCCD) VALUES('123453963421');
INSERT INTO TAMTRUTAMVANG(MaTTTV, CCCD, DiaChi, NgayBD, NgayKT, TrangThai, LiDo) VALUES('000008','123453963421',N'Tạ Quang Bửu, khu phố 6, phường Linh Trung, Thủ Đức' ,'2022-06-06', '2026-06-06', N'Tạm trú', N'Học đại học' );

INSERT INTO CONGDAN(CCCD,Ten, SDT, MaHK, QuanHeVoiChuHo) VALUES ('123455135207' , N'Hồng Phúc', '0958783457', '00000B', N'Tạm trú tại địa phương');
INSERT INTO CCCD(MaCCCD) VALUES('123455135207');
INSERT INTO TAMTRUTAMVANG(MaTTTV, CCCD, DiaChi, NgayBD, NgayKT, TrangThai, LiDo) VALUES('000009','123455135207',N'729 Xô Viết Nghệ Tĩnh, Phường 26, Quận Bình Thạnh, Thành phố Hồ Chí Minh' ,'2023-01-05', '2023-07-05', N'Tạm trú', N'Làm việc' );

INSERT INTO CONGDAN(CCCD,Ten, SDT, MaHK, QuanHeVoiChuHo) VALUES ('123456395795' , N'Tạ Quang Vinh', '0596354937', '00000B', N'Tạm trú tại địa phương');
INSERT INTO CCCD(MaCCCD) VALUES('123456395795');
INSERT INTO TAMTRUTAMVANG(MaTTTV, CCCD, DiaChi, NgayBD, NgayKT, TrangThai, LiDo) VALUES('000010','123456395795',N'729 Xô Viết Nghệ Tĩnh, Phường 26, Quận Bình Thạnh, Thành phố Hồ Chí Minh' ,'2022-06-12', '2023-06-12', N'Tạm trú', N'Làm việc' );

INSERT INTO CONGDAN(CCCD,Ten, SDT, MaHK, QuanHeVoiChuHo) VALUES ('123454084962' , N'Trương Minh Quang', '0797150197', '00000B', N'Tạm trú tại địa phương');
INSERT INTO CCCD(MaCCCD) VALUES('123454084962');
INSERT INTO TAMTRUTAMVANG(MaTTTV, CCCD, DiaChi, NgayBD, NgayKT, TrangThai, LiDo) VALUES('000011','123454084962',N'115 Trần Phú, Phường 5, Thành phố Vũng Tầu, Thành phố Hồ Chí Minh' ,'2022-01-12', '2022-02-12', N'Tạm trú', N'Du lịch' );

INSERT INTO CONGDAN(CCCD,Ten, SDT, MaHK, QuanHeVoiChuHo) VALUES ('123452972794' , N'Hoàng Duy Thắng', '0586105398', '00000B', N'Tạm trú tại địa phương');
INSERT INTO CCCD(MaCCCD) VALUES('123452972794');
INSERT INTO TAMTRUTAMVANG(MaTTTV, CCCD, DiaChi, NgayBD, NgayKT, TrangThai, LiDo) VALUES('000012','123452972794',N'79a Trần Quang Cơ, Phú Thạnh, Tân Phú, Thành phố Hồ Chí Minh' ,'2023-05-06', '2023-06-06', N'Tạm trú', N'Du lịch' );



INSERT INTO TAMTRUTAMVANG(MaTTTV, CCCD, DiaChi, NgayBD, NgayKT, TrangThai, LiDo) VALUES('900001','123453959542',N'Mạc Đĩnh Chi, khu phố Tân Hòa, phường Đông Hòa, thành phố Dĩ An' ,'2022-01-06', '2023-01-06', N'Tạm vắng', N'Học đại học' );
INSERT INTO TAMTRUTAMVANG(MaTTTV, CCCD, DiaChi, NgayBD, NgayKT, TrangThai, LiDo) VALUES('900002','123456738708',N'Mạc Đĩnh Chi, khu phố Tân Hòa, phường Đông Hòa, thành phố Dĩ An' ,'2022-01-06', '2023-01-06', N'Tạm vắng', N'Học đại học' );
INSERT INTO TAMTRUTAMVANG(MaTTTV, CCCD, DiaChi, NgayBD, NgayKT, TrangThai, LiDo) VALUES('900003','123456134058',N'Mạc Đĩnh Chi, khu phố Tân Hòa, phường Đông Hòa, thành phố Dĩ An' ,'2022-05-06', '2023-05-06', N'Tạm vắng', N'Học đại học' );
INSERT INTO TAMTRUTAMVANG(MaTTTV, CCCD, DiaChi, NgayBD, NgayKT, TrangThai, LiDo) VALUES('900004','123454316404',N'Mạc Đĩnh Chi, khu phố Tân Hòa, phường Đông Hòa, thành phố Dĩ An' ,'2022-12-06', '2023-12-06', N'Tạm vắng', N'Học đại học' );
INSERT INTO TAMTRUTAMVANG(MaTTTV, CCCD, DiaChi, NgayBD, NgayKT, TrangThai, LiDo) VALUES('900005','123453504171',N'Mạc Đĩnh Chi, khu phố Tân Hòa, phường Đông Hòa, thành phố Dĩ An' ,'2022-11-06', '2023-11-06', N'Tạm vắng', N'Học đại học' );
INSERT INTO TAMTRUTAMVANG(MaTTTV, CCCD, DiaChi, NgayBD, NgayKT, TrangThai, LiDo) VALUES('900006','123456070668',N'1 P. Tôn Thất Tùng, Kim Liên, Đống Đa, Hà Nội' ,'2021-05-06', '2024-05-06', N'Tạm vắng', N'Học thạc sĩ' );
INSERT INTO TAMTRUTAMVANG(MaTTTV, CCCD, DiaChi, NgayBD, NgayKT, TrangThai, LiDo) VALUES('900007','123456468063',N'1 P. Tôn Thất Tùng, Kim Liên, Đống Đa, Hà Nội' ,'2023-04-12', '2023-09-12', N'Tạm vắng', N'Chữa bệnh' );
INSERT INTO TAMTRUTAMVANG(MaTTTV, CCCD, DiaChi, NgayBD, NgayKT, TrangThai, LiDo) VALUES('900008','123459230024',N'P. Huỳnh Thúc Kháng, Láng Thượng, Đống Đa, Hà Nội' ,'2023-03-10', '2023-06-10', N'Tạm vắng', N'Công tác' );
INSERT INTO TAMTRUTAMVANG(MaTTTV, CCCD, DiaChi, NgayBD, NgayKT, TrangThai, LiDo) VALUES('900009','123458458935',N'72 Đ. Nguyễn Trãi, Thượng Đình, Thanh Xuân, Hà Nội' ,'2023-05-05', '2023-09-05', N'Tạm vắng', N'Công tác' );
INSERT INTO TAMTRUTAMVANG(MaTTTV, CCCD, DiaChi, NgayBD, NgayKT, TrangThai, LiDo) VALUES('900010','123451815150',N'7 P. Thiền Quang, Nguyễn Du, Hai Bà Trưng, Hà Nội' ,'2022-12-10', '2023-12-10', N'Tạm vắng', N'Công tác' );
INSERT INTO TAMTRUTAMVANG(MaTTTV, CCCD, DiaChi, NgayBD, NgayKT, TrangThai, LiDo) VALUES('900011','123453227638',N'5 Trường Sa, Ngũ Hành Sơn, Đà Nẵng, Việt Nam' ,'2023-03-15', '2023-06-15', N'Tạm vắng', N'Du lịch' );
INSERT INTO TAMTRUTAMVANG(MaTTTV, CCCD, DiaChi, NgayBD, NgayKT, TrangThai, LiDo) VALUES('900012','123456905692',N'5 Trường Sa, Ngũ Hành Sơn, Đà Nẵng, Việt Nam' ,'2023-03-15', '2023-06-15', N'Tạm vắng', N'Du lịch' );


INSERT INTO ACCOUNT(UserName, StrPassword, QuyenTruyCap, DisplayName) VALUES ('admin', 'admin', 1, N'Tài khoản DEMO');
INSERT INTO ACCOUNT(UserName, StrPassword, QuyenTruyCap, DisplayName) VALUES ('123451636916', 'tester', 0, N'Tài khoản DEMO');

SELECT *FROM CONGDAN
SELECT *FROM CCCD
SELECT *FROM KHAISINH
SELECT *FROM HOKHAU
SELECT *FROM TAMTRUTAMVANG
SELECT *FROM THUE
SELECT *FROM HONNHAN